fold,scenario,model,horizon_minutes,calibration_bin,mean_predicted_failure_probability,observed_event_probability,calibration_difference,landmark_count,known_outcome_count,sparse_bin
1,fixed_horizon_120,cox_causal_features,30.0,0,0.3281379560959086,0.045454545454545456,0.28268341064136315,22,22,False
1,fixed_horizon_120,cox_causal_features,30.0,1,0.3677046203291525,0.09523809523809523,0.2724665250910573,21,21,False
1,fixed_horizon_120,cox_causal_features,30.0,2,0.72391294358806,0.5454545454545454,0.1784583981335146,22,22,False
1,fixed_horizon_120,cox_causal_features,60.0,0,0.5461143407317333,0.09090909090909091,0.4552052498226423,22,22,False
1,fixed_horizon_120,cox_causal_features,60.0,1,0.5960714593014406,0.2857142857142857,0.31035717358715487,21,21,False
1,fixed_horizon_120,cox_causal_features,60.0,2,0.8986149709686099,0.9090909090909091,-0.010475938122299189,22,22,False
1,fixed_horizon_120,cox_causal_features,120.0,0,0.7157087094494223,1.0,-0.28429129055057767,22,8,True
1,fixed_horizon_120,cox_causal_features,120.0,1,0.7622143957694197,1.0,-0.23778560423058026,21,20,False
1,fixed_horizon_120,cox_causal_features,120.0,2,0.9649741295317266,1.0,-0.035025870468273435,22,22,False
1,fixed_horizon_120,cox_context_only,30.0,0,0.0730781693103208,0.0,0.0730781693103208,22,22,False
1,fixed_horizon_120,cox_context_only,30.0,1,0.15498381785202237,0.42857142857142855,-0.2735876107194062,21,21,False
1,fixed_horizon_120,cox_context_only,30.0,2,0.5209625041843734,0.2727272727272727,0.2482352314571007,22,22,False
1,fixed_horizon_120,cox_context_only,60.0,0,0.11924287615332352,0.0,0.11924287615332352,22,22,False
1,fixed_horizon_120,cox_context_only,60.0,1,0.23416819431497554,0.7619047619047619,-0.5277365675897863,21,21,False
1,fixed_horizon_120,cox_context_only,60.0,2,0.7081448996535195,0.5454545454545454,0.16269035419897404,22,22,False
1,fixed_horizon_120,cox_context_only,120.0,0,0.16508983904002755,1.0,-0.8349101609599725,22,7,True
1,fixed_horizon_120,cox_context_only,120.0,1,0.3018907691699316,1.0,-0.6981092308300684,21,21,False
1,fixed_horizon_120,cox_context_only,120.0,2,0.8257392577996909,1.0,-0.17426074220030907,22,22,False
1,fixed_horizon_120,landmark_km_baseline,30.0,0,0.5398550724637681,0.23076923076923078,0.3090858416945373,65,65,False
1,fixed_horizon_120,landmark_km_baseline,60.0,0,0.7222222222222222,0.4307692307692308,0.2914529914529914,65,65,False
1,fixed_horizon_120,landmark_km_baseline,120.0,0,0.8333333333333333,1.0,-0.16666666666666674,65,50,False
1,fixed_horizon_120,random_survival_forest,30.0,0,0.27378990252057045,0.09090909090909091,0.18288081161147954,22,22,False
1,fixed_horizon_120,random_survival_forest,30.0,1,0.38893889184573605,0.42857142857142855,-0.0396325367256925,21,21,False
1,fixed_horizon_120,random_survival_forest,30.0,2,0.5019823903437168,0.18181818181818182,0.320164208525535,22,22,False
1,fixed_horizon_120,random_survival_forest,60.0,0,0.4443983896147628,0.22727272727272727,0.21712566234203554,22,22,False
1,fixed_horizon_120,random_survival_forest,60.0,1,0.5694539950846969,0.5238095238095238,0.045644471275173015,21,21,False
1,fixed_horizon_120,random_survival_forest,60.0,2,0.666505602038417,0.5454545454545454,0.12105105658387161,22,22,False
1,fixed_horizon_120,random_survival_forest,120.0,0,0.7381525814370863,1.0,-0.2618474185629137,22,15,False
1,fixed_horizon_120,random_survival_forest,120.0,1,0.8250460820402042,1.0,-0.17495391795979576,21,13,False
1,fixed_horizon_120,random_survival_forest,120.0,2,0.887341845807894,1.0,-0.11265815419210601,22,22,False
1,fixed_horizon_240,cox_causal_features,30.0,0,0.3204181037811819,0.0,0.3204181037811819,22,22,False
1,fixed_horizon_240,cox_causal_features,30.0,1,0.36935842170483796,0.14285714285714285,0.2265012788476951,21,21,False
1,fixed_horizon_240,cox_causal_features,30.0,2,0.7458823432318481,0.5454545454545454,0.20042779777730269,22,22,False
1,fixed_horizon_240,cox_causal_features,60.0,0,0.5382926619914702,0.045454545454545456,0.4928381165369247,22,22,False
1,fixed_horizon_240,cox_causal_features,60.0,1,0.6000292768627644,0.2857142857142857,0.3143149911484787,21,21,False
1,fixed_horizon_240,cox_causal_features,60.0,2,0.9126098817446052,0.9545454545454546,-0.04193557280084936,22,22,False
1,fixed_horizon_240,cox_causal_features,120.0,0,0.7051188401423002,0.45454545454545453,0.25057338559684567,22,22,False
1,fixed_horizon_240,cox_causal_features,120.0,1,0.7625299639863147,0.8571428571428571,-0.09461289315654242,21,21,False
1,fixed_horizon_240,cox_causal_features,120.0,2,0.9712779332615372,1.0,-0.02872206673846278,22,22,False
1,fixed_horizon_240,cox_causal_features,240.0,0,0.8017191836246288,1.0,-0.1982808163753712,22,22,False
1,fixed_horizon_240,cox_causal_features,240.0,1,0.8496045696786931,1.0,-0.15039543032130687,21,21,False
1,fixed_horizon_240,cox_causal_features,240.0,2,0.9886217604360563,1.0,-0.011378239563943682,22,22,False
1,fixed_horizon_240,cox_context_only,30.0,0,0.05706009555678169,0.0,0.05706009555678169,22,22,False
1,fixed_horizon_240,cox_context_only,30.0,1,0.1395936481203964,0.42857142857142855,-0.2889777804510322,21,21,False
1,fixed_horizon_240,cox_context_only,30.0,2,0.5417862315255867,0.2727272727272727,0.269058958798314,22,22,False
1,fixed_horizon_240,cox_context_only,60.0,0,0.09393558753757875,0.0,0.09393558753757875,22,22,False
1,fixed_horizon_240,cox_context_only,60.0,1,0.21093385289427874,0.7619047619047619,-0.5509709090104831,21,21,False
1,fixed_horizon_240,cox_context_only,60.0,2,0.7303657758072188,0.5454545454545454,0.18491123035267343,22,22,False
1,fixed_horizon_240,cox_context_only,120.0,0,0.13085658455183286,0.3181818181818182,-0.18732523362998532,22,22,False
1,fixed_horizon_240,cox_context_only,120.0,1,0.2712229399940143,1.0,-0.7287770600059857,21,21,False
1,fixed_horizon_240,cox_context_only,120.0,2,0.8441378060690264,1.0,-0.15586219393097356,22,22,False
1,fixed_horizon_240,cox_context_only,240.0,0,0.16126217991257244,1.0,-0.8387378200874276,22,22,False
1,fixed_horizon_240,cox_context_only,240.0,1,0.3144356219236304,1.0,-0.6855643780763696,21,21,False
1,fixed_horizon_240,cox_context_only,240.0,2,0.9022313290703754,1.0,-0.0977686709296246,22,22,False
1,fixed_horizon_240,landmark_km_baseline,30.0,0,0.5381944444444445,0.23076923076923078,0.30742521367521375,65,65,False
1,fixed_horizon_240,landmark_km_baseline,60.0,0,0.7222222222222222,0.4307692307692308,0.2914529914529914,65,65,False
1,fixed_horizon_240,landmark_km_baseline,120.0,0,0.8333333333333333,0.7692307692307693,0.06410256410256399,65,65,False
1,fixed_horizon_240,landmark_km_baseline,240.0,0,0.8888888888888891,1.0,-0.11111111111111094,65,65,False
1,fixed_horizon_240,random_survival_forest,30.0,0,0.3191630361761332,0.09090909090909091,0.22825394526704226,22,22,False
1,fixed_horizon_240,random_survival_forest,30.0,1,0.4151331639083625,0.38095238095238093,0.03418078295598159,21,21,False
1,fixed_horizon_240,random_survival_forest,30.0,2,0.5408541744856517,0.22727272727272727,0.31358144721292436,22,22,False
1,fixed_horizon_240,random_survival_forest,60.0,0,0.47642573963948287,0.4090909090909091,0.06733483054857375,22,22,False
1,fixed_horizon_240,random_survival_forest,60.0,1,0.576846969134727,0.42857142857142855,0.14827554056329845,21,21,False
1,fixed_horizon_240,random_survival_forest,60.0,2,0.7162519479581897,0.45454545454545453,0.26170649341273516,22,22,False
1,fixed_horizon_240,random_survival_forest,120.0,0,0.7695960559938143,0.5,0.2695960559938143,22,22,False
1,fixed_horizon_240,random_survival_forest,120.0,1,0.8276452568056021,0.8095238095238095,0.018121447281792546,21,21,False
1,fixed_horizon_240,random_survival_forest,120.0,2,0.9105444600668126,1.0,-0.08945553993318744,22,22,False
1,fixed_horizon_240,random_survival_forest,240.0,0,0.9152380859465814,1.0,-0.0847619140534186,22,22,False
1,fixed_horizon_240,random_survival_forest,240.0,1,0.9905422239551414,1.0,-0.009457776044858646,21,21,False
1,fixed_horizon_240,random_survival_forest,240.0,2,0.9961950661314819,1.0,-0.003804933868518101,22,22,False
1,fixed_horizon_30,cox_causal_features,30.0,0,0.39106356734235886,,,22,0,True
1,fixed_horizon_30,cox_causal_features,30.0,1,0.41362964738026775,1.0,-0.5863703526197322,21,2,True
1,fixed_horizon_30,cox_causal_features,30.0,2,0.5191624853253013,1.0,-0.4808375146746987,22,13,False
1,fixed_horizon_30,cox_context_only,30.0,0,0.2605775564656625,1.0,-0.7394224435343375,22,5,True
1,fixed_horizon_30,cox_context_only,30.0,1,0.36602385914130386,1.0,-0.6339761408586961,21,5,True
1,fixed_horizon_30,cox_context_only,30.0,2,0.5454233863956278,1.0,-0.4545766136043722,22,5,True
1,fixed_horizon_30,landmark_km_baseline,30.0,0,0.5277777777777778,1.0,-0.4722222222222222,65,15,False
1,fixed_horizon_30,random_survival_forest,30.0,0,0.12830856322420253,1.0,-0.8716914367757975,22,1,True
1,fixed_horizon_30,random_survival_forest,30.0,1,0.241295547578789,1.0,-0.758704452421211,21,2,True
1,fixed_horizon_30,random_survival_forest,30.0,2,0.4341311703403127,1.0,-0.5658688296596873,22,12,False
1,fixed_horizon_60,cox_causal_features,30.0,0,0.30625142225239854,0.13636363636363635,0.1698877858887622,22,22,False
1,fixed_horizon_60,cox_causal_features,30.0,1,0.3312055048235269,0.047619047619047616,0.2835864572044793,21,21,False
1,fixed_horizon_60,cox_causal_features,30.0,2,0.5059839371368159,0.5,0.005983937136815887,22,22,False
1,fixed_horizon_60,cox_causal_features,60.0,0,0.5381441212941307,1.0,-0.4618558787058693,22,5,True
1,fixed_horizon_60,cox_causal_features,60.0,1,0.5726150751504234,1.0,-0.4273849248495766,21,3,True
1,fixed_horizon_60,cox_causal_features,60.0,2,0.7590746601236718,1.0,-0.24092533987632825,22,20,False
1,fixed_horizon_60,cox_context_only,30.0,0,0.13082514592015676,0.0,0.13082514592015676,22,22,False
1,fixed_horizon_60,cox_context_only,30.0,1,0.20515730786941916,0.42857142857142855,-0.2234141207020094,21,21,False
1,fixed_horizon_60,cox_context_only,30.0,2,0.49096613157484953,0.2727272727272727,0.21823885884757682,22,22,False
1,fixed_horizon_60,cox_context_only,60.0,0,0.21521359878732846,,,22,0,True
1,fixed_horizon_60,cox_context_only,60.0,1,0.31751286906135506,1.0,-0.6824871309386449,21,16,False
1,fixed_horizon_60,cox_context_only,60.0,2,0.6885587964015507,1.0,-0.3114412035984493,22,12,False
1,fixed_horizon_60,landmark_km_baseline,30.0,0,0.5277777777777778,0.23076923076923078,0.297008547008547,65,65,False
1,fixed_horizon_60,landmark_km_baseline,60.0,0,0.7222222222222222,1.0,-0.2777777777777778,65,28,False
1,fixed_horizon_60,random_survival_forest,30.0,0,0.2186689158515123,0.09090909090909091,0.12775982494242138,22,22,False
1,fixed_horizon_60,random_survival_forest,30.0,1,0.3149008800920953,0.09523809523809523,0.2196627848540001,21,21,False
1,fixed_horizon_60,random_survival_forest,30.0,2,0.4615369324576914,0.5,-0.038463067542308604,22,22,False
1,fixed_horizon_60,random_survival_forest,60.0,0,0.35488783784887823,1.0,-0.6451121621511218,22,4,True
1,fixed_horizon_60,random_survival_forest,60.0,1,0.4921779389637916,1.0,-0.5078220610362084,21,11,False
1,fixed_horizon_60,random_survival_forest,60.0,2,0.6454025629902878,1.0,-0.35459743700971225,22,13,False
1,full_event,cox_causal_features,30.0,0,0.3052588434239285,0.045454545454545456,0.25980429796938304,22,22,False
1,full_event,cox_causal_features,30.0,1,0.3510947334535726,0.09523809523809523,0.2558566382154774,21,21,False
1,full_event,cox_causal_features,30.0,2,0.7182995253478857,0.5454545454545454,0.17284497989334024,22,22,False
1,full_event,cox_causal_features,60.0,0,0.520990288654895,0.09090909090909091,0.4300811977458041,22,22,False
1,full_event,cox_causal_features,60.0,1,0.5829663833164763,0.23809523809523808,0.34487114522123824,21,21,False
1,full_event,cox_causal_features,60.0,2,0.9097191821859361,0.9545454545454546,-0.044826272359518526,22,22,False
1,full_event,cox_causal_features,120.0,0,0.7215861084890793,0.3181818181818182,0.40340429030726116,22,22,False
1,full_event,cox_causal_features,120.0,1,0.7787380102953702,1.0,-0.22126198970462985,21,21,False
1,full_event,cox_causal_features,120.0,2,0.9763311906439364,1.0,-0.023668809356063636,22,22,False
1,full_event,cox_causal_features,240.0,0,0.8119127790795851,1.0,-0.18808722092041485,22,22,False
1,full_event,cox_causal_features,240.0,1,0.8594889673017295,1.0,-0.14051103269827048,21,21,False
1,full_event,cox_causal_features,240.0,2,0.9904225374600408,1.0,-0.00957746253995917,22,22,False
1,full_event,cox_context_only,30.0,0,0.02732530427114851,0.0,0.02732530427114851,22,22,False
1,full_event,cox_context_only,30.0,1,0.10269550936591858,0.42857142857142855,-0.32587591920550996,21,21,False
1,full_event,cox_context_only,30.0,2,0.5158505282832695,0.2727272727272727,0.2431232555559968,22,22,False
1,full_event,cox_context_only,60.0,0,0.04559982042624164,0.0,0.04559982042624164,22,22,False
1,full_event,cox_context_only,60.0,1,0.15796967278408539,0.7619047619047619,-0.6039350891206765,21,21,False
1,full_event,cox_context_only,60.0,2,0.7160323586942778,0.5454545454545454,0.17057781323973242,22,22,False
1,full_event,cox_context_only,120.0,0,0.06841888830702798,0.3181818181818182,-0.2497629298747902,22,22,False
1,full_event,cox_context_only,120.0,1,0.2128867440822429,1.0,-0.7871132559177572,21,21,False
1,full_event,cox_context_only,120.0,2,0.8507437646040316,1.0,-0.14925623539596844,22,22,False
1,full_event,cox_context_only,240.0,0,0.08479838779118597,1.0,-0.915201612208814,22,22,False
1,full_event,cox_context_only,240.0,1,0.24569175282794695,1.0,-0.754308247172053,21,21,False
1,full_event,cox_context_only,240.0,2,0.9065514516207256,1.0,-0.09344854837927441,22,22,False
1,full_event,landmark_km_baseline,30.0,0,0.508230452674897,0.23076923076923078,0.2774612219056662,65,65,False
1,full_event,landmark_km_baseline,60.0,0,0.7052469135802468,0.4307692307692308,0.27447768281101603,65,65,False
1,full_event,landmark_km_baseline,120.0,0,0.8359053497942386,0.7692307692307693,0.06667458056346931,65,65,False
1,full_event,landmark_km_baseline,240.0,0,0.8888888888888891,1.0,-0.11111111111111094,65,65,False
1,full_event,random_survival_forest,30.0,0,0.207773673629842,0.2727272727272727,-0.0649535990974307,22,22,False
1,full_event,random_survival_forest,30.0,1,0.3399695604997165,0.09523809523809523,0.24473146526162126,21,21,False
1,full_event,random_survival_forest,30.0,2,0.5081606249240996,0.3181818181818182,0.18997880674228146,22,22,False
1,full_event,random_survival_forest,60.0,0,0.4023610056525752,0.22727272727272727,0.17508827837984794,22,22,False
1,full_event,random_survival_forest,60.0,1,0.5501629622538715,0.5714285714285714,-0.021265609174699884,21,21,False
1,full_event,random_survival_forest,60.0,2,0.7177709946367727,0.5,0.21777099463677274,22,22,False
1,full_event,random_survival_forest,120.0,0,0.7204386118834104,0.5909090909090909,0.12952952097431947,22,22,False
1,full_event,random_survival_forest,120.0,1,0.836047274673831,0.8571428571428571,-0.021095582469026097,21,21,False
1,full_event,random_survival_forest,120.0,2,0.9043158749628385,0.8636363636363636,0.04067951132647485,22,22,False
1,full_event,random_survival_forest,240.0,0,0.9178018535240141,1.0,-0.08219814647598589,23,23,False
1,full_event,random_survival_forest,240.0,1,0.9705393769726733,1.0,-0.02946062302732666,20,20,False
1,full_event,random_survival_forest,240.0,2,0.986553660322263,1.0,-0.013446339677737007,22,22,False
1,target_censoring_25,cox_causal_features,30.0,0,0.3293162370814151,0.045454545454545456,0.28386169162686964,22,22,False
1,target_censoring_25,cox_causal_features,30.0,1,0.363396681411902,0.14285714285714285,0.22053953855475916,21,21,False
1,target_censoring_25,cox_causal_features,30.0,2,0.7295203908632125,0.5,0.22952039086321252,22,22,False
1,target_censoring_25,cox_causal_features,60.0,0,0.5475326583024913,0.09090909090909091,0.4566235673934004,22,22,False
1,target_censoring_25,cox_causal_features,60.0,1,0.591040505518262,0.2857142857142857,0.30532621980397634,21,21,False
1,target_censoring_25,cox_causal_features,60.0,2,0.8991318172514844,0.9090909090909091,-0.009959091839424672,22,22,False
1,target_censoring_25,cox_causal_features,120.0,0,0.7231406906051401,0.36363636363636365,0.35950432696877643,22,22,False
1,target_censoring_25,cox_causal_features,120.0,1,0.7637019642628262,0.9523809523809523,-0.1886789881181261,21,21,False
1,target_censoring_25,cox_causal_features,120.0,2,0.9645440547474181,1.0,-0.03545594525258189,22,22,False
1,target_censoring_25,cox_context_only,30.0,0,0.04207092283441221,0.0,0.04207092283441221,22,22,False
1,target_censoring_25,cox_context_only,30.0,1,0.12293806084636204,0.42857142857142855,-0.3056333677250665,21,21,False
1,target_censoring_25,cox_context_only,30.0,2,0.5375230225491008,0.2727272727272727,0.2647957498218281,22,22,False
1,target_censoring_25,cox_context_only,60.0,0,0.06855151648262846,0.0,0.06855151648262846,22,22,False
1,target_censoring_25,cox_context_only,60.0,1,0.18395428194907337,0.7619047619047619,-0.5779504799556885,21,21,False
1,target_censoring_25,cox_context_only,60.0,2,0.7208628911473952,0.5454545454545454,0.1754083456928498,22,22,False
1,target_censoring_25,cox_context_only,120.0,0,0.09892523437070815,0.3181818181818182,-0.21925658381111002,22,22,False
1,target_censoring_25,cox_context_only,120.0,1,0.24215644684239201,1.0,-0.757843553157608,21,21,False
1,target_censoring_25,cox_context_only,120.0,2,0.8453877472331118,1.0,-0.15461225276688817,22,22,False
1,target_censoring_25,landmark_km_baseline,30.0,0,0.5338365630163738,0.23076923076923078,0.30306733224714305,65,65,False
1,target_censoring_25,landmark_km_baseline,60.0,0,0.7125206549496771,0.4307692307692308,0.2817514241804463,65,65,False
1,target_censoring_25,landmark_km_baseline,120.0,0,0.8333333333333333,0.7692307692307693,0.06410256410256399,65,65,False
1,target_censoring_25,random_survival_forest,30.0,0,0.3180721262941002,0.09090909090909091,0.2271630353850093,22,22,False
1,target_censoring_25,random_survival_forest,30.0,1,0.41244057097793324,0.38095238095238093,0.03148819002555231,21,21,False
1,target_censoring_25,random_survival_forest,30.0,2,0.5160018503493213,0.22727272727272727,0.28872912307659404,22,22,False
1,target_censoring_25,random_survival_forest,60.0,0,0.4902529478119906,0.36363636363636365,0.12661658417562693,22,22,False
1,target_censoring_25,random_survival_forest,60.0,1,0.5921170251812781,0.42857142857142855,0.16354559660984952,21,21,False
1,target_censoring_25,random_survival_forest,60.0,2,0.7078932992560656,0.5,0.2078932992560656,22,22,False
1,target_censoring_25,random_survival_forest,120.0,0,0.7791129822910539,0.7272727272727273,0.051840255018326564,22,22,False
1,target_censoring_25,random_survival_forest,120.0,1,0.8395947962693133,0.5714285714285714,0.26816622484074193,21,21,False
1,target_censoring_25,random_survival_forest,120.0,2,0.9091085024784415,1.0,-0.09089149752155845,22,22,False
1,target_censoring_50,cox_causal_features,30.0,0,0.32896772518096534,0.09090909090909091,0.23805863427187443,22,22,False
1,target_censoring_50,cox_causal_features,30.0,1,0.36536816068100236,0.09523809523809523,0.27013006544290713,21,21,False
1,target_censoring_50,cox_causal_features,30.0,2,0.7704512644817293,0.5,0.2704512644817293,22,22,False
1,target_censoring_50,cox_causal_features,60.0,0,0.5920495673351873,0.18181818181818182,0.4102313855170055,22,22,False
1,target_censoring_50,cox_causal_features,60.0,1,0.6394785749092022,0.23809523809523808,0.40138333681396415,21,21,False
1,target_censoring_50,cox_causal_features,60.0,2,0.9347014765977583,0.8636363636363636,0.07106511296139462,22,22,False
1,target_censoring_50,cox_causal_features,120.0,0,0.7594796179489893,0.5,0.2594796179489893,22,22,False
1,target_censoring_50,cox_causal_features,120.0,1,0.8018255515096053,0.8095238095238095,-0.007698258014204207,21,21,False
1,target_censoring_50,cox_causal_features,120.0,2,0.978907032749662,1.0,-0.021092967250338046,22,22,False
1,target_censoring_50,cox_context_only,30.0,0,0.06286951326165653,0.0,0.06286951326165653,22,22,False
1,target_censoring_50,cox_context_only,30.0,1,0.14306458763892693,0.42857142857142855,-0.2855068409325016,21,21,False
1,target_censoring_50,cox_context_only,30.0,2,0.526066022361014,0.2727272727272727,0.25333874963374126,22,22,False
1,target_censoring_50,cox_context_only,60.0,0,0.10687324618912336,0.0,0.10687324618912336,22,22,False
1,target_censoring_50,cox_context_only,60.0,1,0.22308648555821345,0.7619047619047619,-0.5388182763465484,21,21,False
1,target_censoring_50,cox_context_only,60.0,2,0.7267089870427417,0.5454545454545454,0.18125444158819626,22,22,False
1,target_censoring_50,cox_context_only,120.0,0,0.14854259401016182,0.3181818181818182,-0.16963922417165636,22,22,False
1,target_censoring_50,cox_context_only,120.0,1,0.28749660073240985,1.0,-0.7125033992675902,21,21,False
1,target_censoring_50,cox_context_only,120.0,2,0.8414021621325894,1.0,-0.15859783786741055,22,22,False
1,target_censoring_50,landmark_km_baseline,30.0,0,0.5262473217018672,0.23076923076923078,0.2954780909326364,65,65,False
1,target_censoring_50,landmark_km_baseline,60.0,0,0.7222222222222222,0.4307692307692308,0.2914529914529914,65,65,False
1,target_censoring_50,landmark_km_baseline,120.0,0,0.8333333333333333,0.7692307692307693,0.06410256410256399,65,65,False
1,target_censoring_50,random_survival_forest,30.0,0,0.26096993101436045,0.09090909090909091,0.17006084010526953,22,22,False
1,target_censoring_50,random_survival_forest,30.0,1,0.36708390443983363,0.42857142857142855,-0.06148752413159492,21,21,False
1,target_censoring_50,random_survival_forest,30.0,2,0.49602352455449467,0.18181818181818182,0.31420534273631284,22,22,False
1,target_censoring_50,random_survival_forest,60.0,0,0.4446532560737873,0.22727272727272727,0.21738052880106004,22,22,False
1,target_censoring_50,random_survival_forest,60.0,1,0.5719843532964829,0.8095238095238095,-0.23753945622732664,21,21,False
1,target_censoring_50,random_survival_forest,60.0,2,0.6904871032180758,0.2727272727272727,0.4177598304908031,22,22,False
1,target_censoring_50,random_survival_forest,120.0,0,0.7511027784927056,0.6818181818181818,0.0692845966745238,22,22,False
1,target_censoring_50,random_survival_forest,120.0,1,0.8517832717402426,0.7142857142857143,0.1374975574545283,21,21,False
1,target_censoring_50,random_survival_forest,120.0,2,0.8987160613162511,0.9090909090909091,-0.010374847774657914,22,22,False
1,target_censoring_75,cox_causal_features,30.0,0,0.31395712460660613,0.13636363636363635,0.17759348824296978,22,22,False
1,target_censoring_75,cox_causal_features,30.0,1,0.3393633494703135,0.047619047619047616,0.2917443018512659,21,21,False
1,target_censoring_75,cox_causal_features,30.0,2,0.5158458400675953,0.5,0.015845840067595263,22,22,False
1,target_censoring_75,cox_context_only,30.0,0,0.13354204867274191,0.0,0.13354204867274191,22,22,False
1,target_censoring_75,cox_context_only,30.0,1,0.20897607753689754,0.42857142857142855,-0.219595351034531,21,21,False
1,target_censoring_75,cox_context_only,30.0,2,0.4984618863818076,0.2727272727272727,0.2257346136545349,22,22,False
1,target_censoring_75,landmark_km_baseline,30.0,0,0.5355297157622739,0.23076923076923078,0.30476048499304315,65,65,False
1,target_censoring_75,random_survival_forest,30.0,0,0.20584181112271482,0.22727272727272727,-0.02143091615001244,22,22,False
1,target_censoring_75,random_survival_forest,30.0,1,0.2899292046972806,0.047619047619047616,0.242310157078233,21,21,False
1,target_censoring_75,random_survival_forest,30.0,2,0.39140113557420625,0.4090909090909091,-0.017689773516702867,22,22,False
2,fixed_horizon_120,cox_causal_features,30.0,0,0.2918774694597215,0.016304347826086956,0.2755731216336345,184,184,False
2,fixed_horizon_120,cox_causal_features,30.0,1,0.3236922357203748,0.005434782608695652,0.31825745311167913,184,184,False
2,fixed_horizon_120,cox_causal_features,30.0,2,0.4389313578123901,0.059782608695652176,0.37914874911673796,184,184,False
2,fixed_horizon_120,cox_causal_features,60.0,0,0.489802549606631,0.02717391304347826,0.46262863656315273,184,184,False
2,fixed_horizon_120,cox_causal_features,60.0,1,0.5357401819403512,0.005434782608695652,0.5303053993316555,184,184,False
2,fixed_horizon_120,cox_causal_features,60.0,2,0.6552776809987243,0.14673913043478262,0.5085385505639417,184,184,False
2,fixed_horizon_120,cox_causal_features,120.0,0,0.7020327700819607,1.0,-0.29796722991803926,184,19,False
2,fixed_horizon_120,cox_causal_features,120.0,1,0.7527200735418453,1.0,-0.24727992645815466,184,1,True
2,fixed_horizon_120,cox_causal_features,120.0,2,0.8393277104255411,1.0,-0.1606722895744589,184,49,False
2,fixed_horizon_120,cox_context_only,30.0,0,0.03223339765057394,0.02717391304347826,0.005059484607095679,184,184,False
2,fixed_horizon_120,cox_context_only,30.0,1,0.09201805368682885,0.0,0.09201805368682885,184,184,False
2,fixed_horizon_120,cox_context_only,30.0,2,0.2863611349993288,0.05434782608695652,0.2320133089123723,184,184,False
2,fixed_horizon_120,cox_context_only,60.0,0,0.055118192951556,0.059782608695652176,-0.004664415744096179,184,184,False
2,fixed_horizon_120,cox_context_only,60.0,1,0.15351812198441428,0.0,0.15351812198441428,184,184,False
2,fixed_horizon_120,cox_context_only,60.0,2,0.43132796941803203,0.11956521739130435,0.31176275202672765,184,184,False
2,fixed_horizon_120,cox_context_only,120.0,0,0.08447893485574101,1.0,-0.915521065144259,184,23,False
2,fixed_horizon_120,cox_context_only,120.0,1,0.22794301030516728,,,184,0,True
2,fixed_horizon_120,cox_context_only,120.0,2,0.5701823042715846,1.0,-0.42981769572841544,184,46,False
2,fixed_horizon_120,landmark_km_baseline,30.0,0,0.3625730994152048,0.02717391304347826,0.33539918637172655,552,552,False
2,fixed_horizon_120,landmark_km_baseline,60.0,0,0.5277777777777778,0.059782608695652176,0.46799516908212563,552,552,False
2,fixed_horizon_120,landmark_km_baseline,120.0,0,0.6666666666666669,1.0,-0.33333333333333315,552,69,False
2,fixed_horizon_120,random_survival_forest,30.0,0,0.07065001377516335,0.0,0.07065001377516335,184,184,False
2,fixed_horizon_120,random_survival_forest,30.0,1,0.19500194989214037,0.0,0.19500194989214037,184,184,False
2,fixed_horizon_120,random_survival_forest,30.0,2,0.3671259430849734,0.08152173913043478,0.28560420395453867,184,184,False
2,fixed_horizon_120,random_survival_forest,60.0,0,0.13619248703719625,0.0,0.13619248703719625,184,184,False
2,fixed_horizon_120,random_survival_forest,60.0,1,0.3128302899606568,0.0,0.3128302899606568,184,184,False
2,fixed_horizon_120,random_survival_forest,60.0,2,0.5429202502311862,0.1793478260869565,0.36357242414422963,184,184,False
2,fixed_horizon_120,random_survival_forest,120.0,0,0.3113273912559336,1.0,-0.6886726087440664,184,1,True
2,fixed_horizon_120,random_survival_forest,120.0,1,0.5379391939367982,,,184,0,True
2,fixed_horizon_120,random_survival_forest,120.0,2,0.7660638803303123,1.0,-0.23393611966968775,184,68,False
2,fixed_horizon_240,cox_causal_features,30.0,0,0.2994171866484037,0.016304347826086956,0.28311283882231675,184,184,False
2,fixed_horizon_240,cox_causal_features,30.0,1,0.32370889004258535,0.0,0.32370889004258535,184,184,False
2,fixed_horizon_240,cox_causal_features,30.0,2,0.4093771582273175,0.06521739130434782,0.3441597669229697,184,184,False
2,fixed_horizon_240,cox_causal_features,60.0,0,0.4767471522261347,0.03260869565217391,0.4441384565739608,184,184,False
2,fixed_horizon_240,cox_causal_features,60.0,1,0.5101136083953893,0.0,0.5101136083953893,184,184,False
2,fixed_horizon_240,cox_causal_features,60.0,2,0.6057201638478918,0.14673913043478262,0.45898103341310925,184,184,False
2,fixed_horizon_240,cox_causal_features,120.0,0,0.662650521447978,0.08695652173913043,0.5756939997088475,184,184,False
2,fixed_horizon_240,cox_causal_features,120.0,1,0.6993134489991404,0.02717391304347826,0.6721395359556621,184,184,False
2,fixed_horizon_240,cox_causal_features,120.0,2,0.7807343111508284,0.2608695652173913,0.5198647459334371,184,184,False
2,fixed_horizon_240,cox_causal_features,240.0,0,0.7020869387045253,1.0,-0.2979130612954747,184,30,False
2,fixed_horizon_240,cox_causal_features,240.0,1,0.7383432919826064,1.0,-0.2616567080173936,184,6,True
2,fixed_horizon_240,cox_causal_features,240.0,2,0.8137523117481705,1.0,-0.18624768825182947,184,69,False
2,fixed_horizon_240,cox_context_only,30.0,0,0.02964710166308785,0.02717391304347826,0.0024731886196095905,184,184,False
2,fixed_horizon_240,cox_context_only,30.0,1,0.0884893861950845,0.0,0.0884893861950845,184,184,False
2,fixed_horizon_240,cox_context_only,30.0,2,0.2884057422797736,0.05434782608695652,0.2340579161928171,184,184,False
2,fixed_horizon_240,cox_context_only,60.0,0,0.04969943511672155,0.059782608695652176,-0.010083173578930626,184,184,False
2,fixed_horizon_240,cox_context_only,60.0,1,0.1449644223789255,0.0,0.1449644223789255,184,184,False
2,fixed_horizon_240,cox_context_only,60.0,2,0.42711615554993904,0.11956521739130435,0.30755093815863466,184,184,False
2,fixed_horizon_240,cox_context_only,120.0,0,0.07642739756376014,0.125,-0.048572602436239856,184,184,False
2,fixed_horizon_240,cox_context_only,120.0,1,0.21612605424848,0.0,0.21612605424848,184,184,False
2,fixed_horizon_240,cox_context_only,120.0,2,0.5650852884903427,0.25,0.3150852884903427,184,184,False
2,fixed_horizon_240,cox_context_only,240.0,0,0.08506830481606184,1.0,-0.9149316951839381,184,47,False
2,fixed_horizon_240,cox_context_only,240.0,1,0.23816164603118,,,184,0,True
2,fixed_horizon_240,cox_context_only,240.0,2,0.6011700202618802,1.0,-0.39882997973811984,184,58,False
2,fixed_horizon_240,landmark_km_baseline,30.0,0,0.3680555555555558,0.02717391304347826,0.34088164251207753,552,552,False
2,fixed_horizon_240,landmark_km_baseline,60.0,0,0.5277777777777778,0.059782608695652176,0.46799516908212563,552,552,False
2,fixed_horizon_240,landmark_km_baseline,120.0,0,0.6666666666666669,0.125,0.5416666666666669,552,552,False
2,fixed_horizon_240,landmark_km_baseline,240.0,0,0.6944444444444445,1.0,-0.30555555555555547,552,105,False
2,fixed_horizon_240,random_survival_forest,30.0,0,0.3393288869673553,0.005434782608695652,0.3338941043586596,184,184,False
2,fixed_horizon_240,random_survival_forest,30.0,1,0.41650704533937877,0.005434782608695652,0.4110722627306831,184,184,False
2,fixed_horizon_240,random_survival_forest,30.0,2,0.511693200151077,0.07065217391304347,0.44104102623803354,184,184,False
2,fixed_horizon_240,random_survival_forest,60.0,0,0.4330326877431333,0.0,0.4330326877431333,184,184,False
2,fixed_horizon_240,random_survival_forest,60.0,1,0.5185970711728659,0.02717391304347826,0.49142315812938764,184,184,False
2,fixed_horizon_240,random_survival_forest,60.0,2,0.6438501309707757,0.15217391304347827,0.49167621792729743,184,184,False
2,fixed_horizon_240,random_survival_forest,120.0,0,0.5432109729173227,0.010869565217391304,0.5323414076999313,184,184,False
2,fixed_horizon_240,random_survival_forest,120.0,1,0.6312501844607641,0.005434782608695652,0.6258154018520684,184,184,False
2,fixed_horizon_240,random_survival_forest,120.0,2,0.7951183756121437,0.358695652173913,0.4364227234382307,184,184,False
2,fixed_horizon_240,random_survival_forest,240.0,0,0.7229683945928372,1.0,-0.27703160540716276,184,14,False
2,fixed_horizon_240,random_survival_forest,240.0,1,0.8435907802388618,1.0,-0.1564092197611382,184,3,True
2,fixed_horizon_240,random_survival_forest,240.0,2,0.9466327839513613,1.0,-0.0533672160486387,184,88,False
2,fixed_horizon_30,cox_causal_features,30.0,0,0.26746391703341216,1.0,-0.7325360829665879,184,9,True
2,fixed_horizon_30,cox_causal_features,30.0,1,0.34470251822446585,,,184,0,True
2,fixed_horizon_30,cox_causal_features,30.0,2,0.5023919921628511,1.0,-0.49760800783714887,184,6,True
2,fixed_horizon_30,cox_context_only,30.0,0,0.01855652847569847,1.0,-0.9814434715243016,184,5,True
2,fixed_horizon_30,cox_context_only,30.0,1,0.0849348182492753,,,184,0,True
2,fixed_horizon_30,cox_context_only,30.0,2,0.32243693869175166,1.0,-0.6775630613082484,184,10,False
2,fixed_horizon_30,landmark_km_baseline,30.0,0,0.3611111111111112,1.0,-0.6388888888888888,552,15,False
2,fixed_horizon_30,random_survival_forest,30.0,0,0.1992627117774494,1.0,-0.8007372882225506,184,4,True
2,fixed_horizon_30,random_survival_forest,30.0,1,0.2747284750425725,1.0,-0.7252715249574275,184,2,True
2,fixed_horizon_30,random_survival_forest,30.0,2,0.39645969395594255,1.0,-0.6035403060440574,184,9,True
2,fixed_horizon_60,cox_causal_features,30.0,0,0.2432493135221397,0.010869565217391304,0.2323797483047484,184,184,False
2,fixed_horizon_60,cox_causal_features,30.0,1,0.2637509116380266,0.005434782608695652,0.25831612902933093,184,184,False
2,fixed_horizon_60,cox_causal_features,30.0,2,0.3397779606124133,0.06521739130434782,0.27456056930806544,184,184,False
2,fixed_horizon_60,cox_causal_features,60.0,0,0.4102721115166927,1.0,-0.5897278884833073,184,3,True
2,fixed_horizon_60,cox_causal_features,60.0,1,0.44019604548003877,1.0,-0.5598039545199612,184,4,True
2,fixed_horizon_60,cox_causal_features,60.0,2,0.5378947050293627,1.0,-0.46210529497063735,184,26,False
2,fixed_horizon_60,cox_context_only,30.0,0,0.08447474688693721,0.02717391304347826,0.05730083384345895,184,184,False
2,fixed_horizon_60,cox_context_only,30.0,1,0.1461679934726413,0.0,0.1461679934726413,184,184,False
2,fixed_horizon_60,cox_context_only,30.0,2,0.2939317992978757,0.05434782608695652,0.2395839732109192,184,184,False
2,fixed_horizon_60,cox_context_only,60.0,0,0.14172348378607147,1.0,-0.8582765162139285,184,11,False
2,fixed_horizon_60,cox_context_only,60.0,1,0.23923906423908955,,,184,0,True
2,fixed_horizon_60,cox_context_only,60.0,2,0.4444707084737973,1.0,-0.5555292915262027,184,22,False
2,fixed_horizon_60,landmark_km_baseline,30.0,0,0.3611111111111112,0.02717391304347826,0.33393719806763295,552,552,False
2,fixed_horizon_60,landmark_km_baseline,60.0,0,0.5277777777777778,1.0,-0.4722222222222222,552,33,False
2,fixed_horizon_60,random_survival_forest,30.0,0,0.3051444507393213,0.043243243243243246,0.26190120749607804,185,185,False
2,fixed_horizon_60,random_survival_forest,30.0,1,0.459646474120059,0.00546448087431694,0.45418199324574204,183,183,False
2,fixed_horizon_60,random_survival_forest,30.0,2,0.5937333236973366,0.03260869565217391,0.5611246280451626,184,184,False
2,fixed_horizon_60,random_survival_forest,60.0,0,0.45516306385121397,1.0,-0.544836936148786,184,8,True
2,fixed_horizon_60,random_survival_forest,60.0,1,0.6037888726629143,1.0,-0.39621112733708574,185,10,False
2,fixed_horizon_60,random_survival_forest,60.0,2,0.724656254979133,1.0,-0.275343745020867,183,15,False
2,full_event,cox_causal_features,120.0,0,0.45463801905569673,0.010869565217391304,0.44376845383830543,184,184,False
2,full_event,cox_causal_features,120.0,1,0.49978972560562895,0.005434782608695652,0.4943549429969333,184,184,False
2,full_event,cox_causal_features,120.0,2,0.6348811453154762,0.358695652173913,0.2761854931415632,184,184,False
2,full_event,cox_causal_features,240.0,0,0.5651498796014733,0.06521739130434782,0.4999324882971255,184,184,False
2,full_event,cox_causal_features,240.0,1,0.6144085114921678,0.016304347826086956,0.5981041636660809,184,184,False
2,full_event,cox_causal_features,240.0,2,0.742930221299438,0.4891304347826087,0.2537997865168293,184,184,False
2,full_event,cox_context_only,120.0,0,0.26151849108585884,0.125,0.13651849108585884,184,184,False
2,full_event,cox_context_only,120.0,1,0.37285554549824024,0.0,0.37285554549824024,184,184,False
2,full_event,cox_context_only,120.0,2,0.5553657315469824,0.25,0.30536573154698243,184,184,False
2,full_event,cox_context_only,240.0,0,0.3319067767650647,0.2554347826086957,0.07647199415636902,184,184,False
2,full_event,cox_context_only,240.0,1,0.46279761774991274,0.0,0.46279761774991274,184,184,False
2,full_event,cox_context_only,240.0,2,0.65723278963004,0.31521739130434784,0.3420153983256921,184,184,False
2,full_event,landmark_km_baseline,120.0,0,0.6107937978113959,0.125,0.48579379781139587,552,552,False
2,full_event,landmark_km_baseline,240.0,0,0.7032949126959626,0.19021739130434784,0.5130775213916148,552,552,False
2,full_event,random_survival_forest,120.0,0,0.4837450529168481,0.005434782608695652,0.47831027030815243,184,184,False
2,full_event,random_survival_forest,120.0,1,0.5824481280349834,0.010869565217391304,0.571578562817592,184,184,False
2,full_event,random_survival_forest,120.0,2,0.739838047691366,0.358695652173913,0.38114239551745294,184,184,False
2,full_event,random_survival_forest,240.0,0,0.7229021140150524,0.07065217391304347,0.652249940102009,184,184,False
2,full_event,random_survival_forest,240.0,1,0.8509754862852911,0.010869565217391304,0.8401059210678997,184,184,False
2,full_event,random_survival_forest,240.0,2,0.9320532201781166,0.4891304347826087,0.44292278539550795,184,184,False
2,target_censoring_25,cox_causal_features,60.0,0,0.31679533936266085,0.0,0.31679533936266085,184,184,False
2,target_censoring_25,cox_causal_features,60.0,1,0.39457871602694755,0.005434782608695652,0.3891439334182519,184,184,False
2,target_censoring_25,cox_causal_features,60.0,2,0.5324872300210662,0.17391304347826086,0.3585741865428054,184,184,False
2,target_censoring_25,cox_causal_features,120.0,0,0.4274637676247867,0.021739130434782608,0.4057246371900041,184,184,False
2,target_censoring_25,cox_causal_features,120.0,1,0.5206558304371955,0.021739130434782608,0.49891670000241295,184,184,False
2,target_censoring_25,cox_causal_features,120.0,2,0.661706091891302,0.33152173913043476,0.3301843527608673,184,184,False
2,target_censoring_25,cox_causal_features,240.0,0,0.4802710996359682,0.09782608695652174,0.38244501267944647,184,184,False
2,target_censoring_25,cox_causal_features,240.0,1,0.5779994849996489,0.059782608695652176,0.5182168763039967,184,184,False
2,target_censoring_25,cox_causal_features,240.0,2,0.7146573066826131,0.41304347826086957,0.3016138284217435,184,184,False
2,target_censoring_25,cox_context_only,60.0,0,0.2181744423936788,0.059782608695652176,0.15839183369802662,184,184,False
2,target_censoring_25,cox_context_only,60.0,1,0.31592583792173007,0.0,0.31592583792173007,184,184,False
2,target_censoring_25,cox_context_only,60.0,2,0.4870905948986969,0.11956521739130435,0.36752537750739256,184,184,False
2,target_censoring_25,cox_context_only,120.0,0,0.2861645841627292,0.125,0.16116458416272922,184,184,False
2,target_censoring_25,cox_context_only,120.0,1,0.4056810866402624,0.0,0.4056810866402624,184,184,False
2,target_censoring_25,cox_context_only,120.0,2,0.595980513200071,0.25,0.34598051320007095,184,184,False
2,target_censoring_25,cox_context_only,240.0,0,0.32436214541838443,0.2554347826086957,0.06892736280968875,184,184,False
2,target_censoring_25,cox_context_only,240.0,1,0.45396511127340844,0.0,0.45396511127340844,184,184,False
2,target_censoring_25,cox_context_only,240.0,2,0.6489771210959776,0.31521739130434784,0.33375972979162977,184,184,False
2,target_censoring_25,landmark_km_baseline,60.0,0,0.5448286903618317,0.059782608695652176,0.4850460816661795,552,552,False
2,target_censoring_25,landmark_km_baseline,120.0,0,0.6513968940121679,0.125,0.5263968940121679,552,552,False
2,target_censoring_25,landmark_km_baseline,240.0,0,0.6968860070445084,0.19021739130434784,0.5066686157401605,552,552,False
2,target_censoring_25,random_survival_forest,60.0,0,0.3995694740149009,0.0,0.3995694740149009,185,185,False
2,target_censoring_25,random_survival_forest,60.0,1,0.4825831607536875,0.0,0.4825831607536875,183,183,False
2,target_censoring_25,random_survival_forest,60.0,2,0.5963365907141014,0.1793478260869565,0.41698876462714485,184,184,False
2,target_censoring_25,random_survival_forest,120.0,0,0.49097191413187075,0.010869565217391304,0.48010234891447945,184,184,False
2,target_censoring_25,random_survival_forest,120.0,1,0.5668251582839501,0.0,0.5668251582839501,184,184,False
2,target_censoring_25,random_survival_forest,120.0,2,0.7418620438906376,0.3641304347826087,0.3777316091080289,184,184,False
2,target_censoring_25,random_survival_forest,240.0,0,0.7294252355965816,0.06521739130434782,0.6642078442922338,184,184,False
2,target_censoring_25,random_survival_forest,240.0,1,0.8203717321273419,0.010869565217391304,0.8095021669099506,184,184,False
2,target_censoring_25,random_survival_forest,240.0,2,0.9282039250096391,0.4945652173913043,0.4336387076183348,184,184,False
2,target_censoring_50,cox_causal_features,60.0,0,0.33645377323385434,0.0,0.33645377323385434,184,184,False
2,target_censoring_50,cox_causal_features,60.0,1,0.37202375728029957,0.0,0.37202375728029957,184,184,False
2,target_censoring_50,cox_causal_features,60.0,2,0.5064755929708927,0.1793478260869565,0.3271277668839362,184,184,False
2,target_censoring_50,cox_causal_features,120.0,0,0.49221402999813046,0.02717391304347826,0.4650401169546522,184,184,False
2,target_censoring_50,cox_causal_features,120.0,1,0.536485866063083,0.010869565217391304,0.5256163008456917,184,184,False
2,target_censoring_50,cox_causal_features,120.0,2,0.6732961085415483,0.33695652173913043,0.3363395868024179,184,184,False
2,target_censoring_50,cox_causal_features,240.0,0,0.5258297219389605,0.10326086956521739,0.4225688523737431,184,184,False
2,target_censoring_50,cox_causal_features,240.0,1,0.5711655053334558,0.02717391304347826,0.5439915922899775,184,184,False
2,target_censoring_50,cox_causal_features,240.0,2,0.7049068853762218,0.44021739130434784,0.264689494071874,184,184,False
2,target_censoring_50,cox_context_only,60.0,0,0.1572080347216546,0.059782608695652176,0.09742542602600242,184,184,False
2,target_censoring_50,cox_context_only,60.0,1,0.2695779937323921,0.0,0.2695779937323921,184,184,False
2,target_censoring_50,cox_context_only,60.0,2,0.4740097040656494,0.11956521739130435,0.354444486674345,184,184,False
2,target_censoring_50,cox_context_only,120.0,0,0.2287761517460097,0.125,0.10377615174600971,184,184,False
2,target_censoring_50,cox_context_only,120.0,1,0.37909942083941117,0.0,0.37909942083941117,184,184,False
2,target_censoring_50,cox_context_only,120.0,2,0.6169940010194648,0.25,0.3669940010194648,184,184,False
2,target_censoring_50,cox_context_only,240.0,0,0.24869847110677776,0.2554347826086957,-0.006736311501917919,184,184,False
2,target_censoring_50,cox_context_only,240.0,1,0.4081020988585347,0.0,0.4081020988585347,184,184,False
2,target_censoring_50,cox_context_only,240.0,2,0.6505807665690869,0.31521739130434784,0.3353633752647391,184,184,False
2,target_censoring_50,landmark_km_baseline,60.0,0,0.5290170475154153,0.059782608695652176,0.4692344388197632,552,552,False
2,target_censoring_50,landmark_km_baseline,120.0,0,0.6666666666666669,0.125,0.5416666666666669,552,552,False
2,target_censoring_50,landmark_km_baseline,240.0,0,0.6944444444444445,0.19021739130434784,0.5042270531400967,552,552,False
2,target_censoring_50,random_survival_forest,60.0,0,0.4695064425318057,0.021739130434782608,0.4477673120970231,184,184,False
2,target_censoring_50,random_survival_forest,60.0,1,0.5510710734217,0.016304347826086956,0.5347667255956131,184,184,False
2,target_censoring_50,random_survival_forest,60.0,2,0.6416964454698546,0.14130434782608695,0.5003920976437677,184,184,False
2,target_censoring_50,random_survival_forest,120.0,0,0.5625577301140149,0.005434782608695652,0.5571229475053192,184,184,False
2,target_censoring_50,random_survival_forest,120.0,1,0.6439233732511357,0.005434782608695652,0.63848859064244,184,184,False
2,target_censoring_50,random_survival_forest,120.0,2,0.7897840953686384,0.3641304347826087,0.42565366058602966,184,184,False
2,target_censoring_50,random_survival_forest,240.0,0,0.7367414498651882,0.059782608695652176,0.676958841169536,184,184,False
2,target_censoring_50,random_survival_forest,240.0,1,0.8355023549307833,0.016304347826086956,0.8191980071046964,184,184,False
2,target_censoring_50,random_survival_forest,240.0,2,0.9310296972169085,0.4945652173913043,0.4364644798256042,184,184,False
2,target_censoring_75,cox_causal_features,30.0,0,0.2943610566869115,0.016304347826086956,0.2780567088608245,184,184,False
2,target_censoring_75,cox_causal_features,30.0,1,0.31858193917411937,0.0,0.31858193917411937,184,184,False
2,target_censoring_75,cox_causal_features,30.0,2,0.4038441725226778,0.06521739130434782,0.33862678121832995,184,184,False
2,target_censoring_75,cox_causal_features,60.0,0,0.4771193233666106,0.021739130434782608,0.455380192931828,184,184,False
2,target_censoring_75,cox_causal_features,60.0,1,0.5108711446028933,0.010869565217391304,0.5000015793855019,184,184,False
2,target_censoring_75,cox_causal_features,60.0,2,0.6069564883476278,0.14673913043478262,0.46021735791284524,184,184,False
2,target_censoring_75,cox_causal_features,120.0,0,0.6631221171420593,0.07608695652173914,0.5870351606203201,184,184,False
2,target_censoring_75,cox_causal_features,120.0,1,0.7001527240827841,0.03804347826086957,0.6621092458219144,184,184,False
2,target_censoring_75,cox_causal_features,120.0,2,0.7819135961698214,0.2608695652173913,0.52104403095243,184,184,False
2,target_censoring_75,cox_context_only,30.0,0,0.0291593308881894,0.02717391304347826,0.001985417844711141,184,184,False
2,target_censoring_75,cox_context_only,30.0,1,0.08706516805949921,0.0,0.08706516805949921,184,184,False
2,target_censoring_75,cox_context_only,30.0,2,0.28428080786494053,0.05434782608695652,0.22993298177798402,184,184,False
2,target_censoring_75,cox_context_only,60.0,0,0.04969943511672155,0.059782608695652176,-0.010083173578930626,184,184,False
2,target_censoring_75,cox_context_only,60.0,1,0.1449644223789255,0.0,0.1449644223789255,184,184,False
2,target_censoring_75,cox_context_only,60.0,2,0.42711615554993904,0.11956521739130435,0.30755093815863466,184,184,False
2,target_censoring_75,cox_context_only,120.0,0,0.07642739756376014,0.125,-0.048572602436239856,184,184,False
2,target_censoring_75,cox_context_only,120.0,1,0.21612605424848,0.0,0.21612605424848,184,184,False
2,target_censoring_75,cox_context_only,120.0,2,0.5650852884903427,0.25,0.3150852884903427,184,184,False
2,target_censoring_75,landmark_km_baseline,30.0,0,0.36288416075650126,0.02717391304347826,0.335710247713023,552,552,False
2,target_censoring_75,landmark_km_baseline,60.0,0,0.5277777777777778,0.059782608695652176,0.46799516908212563,552,552,False
2,target_censoring_75,landmark_km_baseline,120.0,0,0.6666666666666669,0.125,0.5416666666666669,552,552,False
2,target_censoring_75,random_survival_forest,30.0,0,0.283489431868412,0.0,0.283489431868412,184,184,False
2,target_censoring_75,random_survival_forest,30.0,1,0.36751526007108365,0.010869565217391304,0.35664569485369235,184,184,False
2,target_censoring_75,random_survival_forest,30.0,2,0.468337332799237,0.07065217391304347,0.39768515888619355,184,184,False
2,target_censoring_75,random_survival_forest,60.0,0,0.4036985488720872,0.0,0.4036985488720872,184,184,False
2,target_censoring_75,random_survival_forest,60.0,1,0.4972456198497531,0.021739130434782608,0.4755064894149705,184,184,False
2,target_censoring_75,random_survival_forest,60.0,2,0.6263826768946934,0.15760869565217392,0.46877398124251946,184,184,False
2,target_censoring_75,random_survival_forest,120.0,0,0.5179676202285713,0.010869565217391304,0.50709805501118,184,184,False
2,target_censoring_75,random_survival_forest,120.0,1,0.613563169418338,0.0,0.613563169418338,184,184,False
2,target_censoring_75,random_survival_forest,120.0,2,0.777928005925443,0.3641304347826087,0.4137975711428343,184,184,False
3,fixed_horizon_120,cox_causal_features,30.0,0,0.12643511665147933,0.0,0.12643511665147933,67,67,False
3,fixed_horizon_120,cox_causal_features,30.0,1,0.13556155685310742,0.0,0.13556155685310742,67,67,False
3,fixed_horizon_120,cox_causal_features,30.0,2,0.5296093048594358,0.22388059701492538,0.30572870784451045,67,67,False
3,fixed_horizon_120,cox_causal_features,60.0,0,0.25422644754391693,0.08955223880597014,0.1646742087379468,67,67,False
3,fixed_horizon_120,cox_causal_features,60.0,1,0.27101013831315574,0.0,0.27101013831315574,67,67,False
3,fixed_horizon_120,cox_causal_features,60.0,2,0.7041472567359368,0.40298507462686567,0.30116218210907114,67,67,False
3,fixed_horizon_120,cox_causal_features,120.0,0,0.46412195837371545,1.0,-0.5358780416262845,67,20,False
3,fixed_horizon_120,cox_causal_features,120.0,1,0.48940041213612584,1.0,-0.5105995878638742,67,6,True
3,fixed_horizon_120,cox_causal_features,120.0,2,0.8405133152728396,1.0,-0.15948668472716043,67,43,False
3,fixed_horizon_120,cox_context_only,30.0,0,0.11273158974846331,0.14925373134328357,-0.03652214159482026,67,67,False
3,fixed_horizon_120,cox_context_only,30.0,1,0.20125143336691056,0.0,0.20125143336691056,67,67,False
3,fixed_horizon_120,cox_context_only,30.0,2,0.351487885475416,0.07462686567164178,0.2768610198037742,67,67,False
3,fixed_horizon_120,cox_context_only,60.0,0,0.22470660179597182,0.3283582089552239,-0.10365160715925206,67,67,False
3,fixed_horizon_120,cox_context_only,60.0,1,0.3797357873165079,0.0,0.3797357873165079,67,67,False
3,fixed_horizon_120,cox_context_only,60.0,2,0.5989025142297576,0.16417910447761194,0.43472340975214563,67,67,False
3,fixed_horizon_120,cox_context_only,120.0,0,0.41054280499965756,1.0,-0.5894571950003424,67,46,False
3,fixed_horizon_120,cox_context_only,120.0,1,0.6284055023761224,,,67,0,True
3,fixed_horizon_120,cox_context_only,120.0,2,0.8455953918402708,1.0,-0.15440460815972923,67,23,False
3,fixed_horizon_120,landmark_km_baseline,30.0,0,0.3033816425120773,0.07462686567164178,0.2287547768404355,201,201,False
3,fixed_horizon_120,landmark_km_baseline,60.0,0,0.510144927536232,0.16417910447761194,0.34596582305862,201,201,False
3,fixed_horizon_120,landmark_km_baseline,120.0,0,0.7111111111111111,1.0,-0.28888888888888886,201,69,False
3,fixed_horizon_120,random_survival_forest,30.0,0,0.06886595476438985,0.007194244604316547,0.061671710160073306,139,139,False
3,fixed_horizon_120,random_survival_forest,30.0,1,0.5016601701689305,0.22580645161290322,0.27585371855602725,62,62,False
3,fixed_horizon_120,random_survival_forest,60.0,0,0.0,0.08955223880597014,-0.08955223880597014,67,67,False
3,fixed_horizon_120,random_survival_forest,60.0,1,0.20573760820350187,0.028169014084507043,0.17756859411899484,71,71,False
3,fixed_horizon_120,random_survival_forest,60.0,2,0.6996565266479065,0.3968253968253968,0.30283112982250965,63,63,False
3,fixed_horizon_120,random_survival_forest,120.0,0,0.0034186230748306412,1.0,-0.9965813769251693,67,19,False
3,fixed_horizon_120,random_survival_forest,120.0,1,0.3517968319220861,1.0,-0.6482031680779139,67,10,False
3,fixed_horizon_120,random_survival_forest,120.0,2,0.8821362190082509,1.0,-0.1178637809917491,67,40,False
3,fixed_horizon_240,cox_causal_features,30.0,0,0.0760560906776728,0.0,0.0760560906776728,67,67,False
3,fixed_horizon_240,cox_causal_features,30.0,1,0.08785916792374036,0.0,0.08785916792374036,67,67,False
3,fixed_horizon_240,cox_causal_features,30.0,2,0.4996511480483411,0.22388059701492538,0.27577055103341575,67,67,False
3,fixed_horizon_240,cox_causal_features,60.0,0,0.16223577648959542,0.08955223880597014,0.07268353768362527,67,67,False
3,fixed_horizon_240,cox_causal_features,60.0,1,0.18597499082791197,0.0,0.18597499082791197,67,67,False
3,fixed_horizon_240,cox_causal_features,60.0,2,0.6654797207937955,0.40298507462686567,0.2624946461669298,67,67,False
3,fixed_horizon_240,cox_causal_features,120.0,0,0.36352164850484336,0.26865671641791045,0.09486493208693292,67,67,False
3,fixed_horizon_240,cox_causal_features,120.0,1,0.40842503630059074,0.11940298507462686,0.28902205122596386,67,67,False
3,fixed_horizon_240,cox_causal_features,120.0,2,0.8264057122951727,0.6417910447761194,0.1846146675190533,67,67,False
3,fixed_horizon_240,cox_causal_features,240.0,0,0.47501010562909585,1.0,-0.5249898943709042,67,42,False
3,fixed_horizon_240,cox_causal_features,240.0,1,0.5269113667498099,1.0,-0.4730886332501901,67,13,False
3,fixed_horizon_240,cox_causal_features,240.0,2,0.8799048705668957,1.0,-0.1200951294331043,67,66,False
3,fixed_horizon_240,cox_context_only,30.0,0,0.09378429155000632,0.14925373134328357,-0.055469439793277245,67,67,False
3,fixed_horizon_240,cox_context_only,30.0,1,0.1843704011091715,0.0,0.1843704011091715,67,67,False
3,fixed_horizon_240,cox_context_only,30.0,2,0.3476137597631886,0.07462686567164178,0.2729868940915468,67,67,False
3,fixed_horizon_240,cox_context_only,60.0,0,0.18616266989936467,0.3283582089552239,-0.14219553905585922,67,67,False
3,fixed_horizon_240,cox_context_only,60.0,1,0.3467183908960387,0.0,0.3467183908960387,67,67,False
3,fixed_horizon_240,cox_context_only,60.0,2,0.5873146773311646,0.16417910447761194,0.42313557285355263,67,67,False
3,fixed_horizon_240,cox_context_only,120.0,0,0.36061529094362377,0.6865671641791045,-0.3259518732354807,67,67,False
3,fixed_horizon_240,cox_context_only,120.0,1,0.6019849489968149,0.0,0.6019849489968149,67,67,False
3,fixed_horizon_240,cox_context_only,120.0,2,0.8477191074878735,0.34328358208955223,0.5044355253983213,67,67,False
3,fixed_horizon_240,cox_context_only,240.0,0,0.48222068586451755,1.0,-0.5177793141354825,67,67,False
3,fixed_horizon_240,cox_context_only,240.0,1,0.7411228877988034,1.0,-0.2588771122011966,67,27,False
3,fixed_horizon_240,cox_context_only,240.0,2,0.9343227405943727,1.0,-0.0656772594056273,67,27,False
3,fixed_horizon_240,landmark_km_baseline,30.0,0,0.3,0.07462686567164178,0.2253731343283582,201,201,False
3,fixed_horizon_240,landmark_km_baseline,60.0,0,0.5,0.16417910447761194,0.33582089552238803,201,201,False
3,fixed_horizon_240,landmark_km_baseline,120.0,0,0.7111111111111111,0.34328358208955223,0.3678275290215589,201,201,False
3,fixed_horizon_240,landmark_km_baseline,240.0,0,0.7777777777777777,1.0,-0.22222222222222232,201,121,False
3,fixed_horizon_240,random_survival_forest,30.0,0,0.003983594742601048,0.0,0.003983594742601048,67,67,False
3,fixed_horizon_240,random_survival_forest,30.0,1,0.19197624697285529,0.1044776119402985,0.08749863503255678,67,67,False
3,fixed_horizon_240,random_survival_forest,30.0,2,0.4686241732812691,0.11940298507462686,0.3492211882066422,67,67,False
3,fixed_horizon_240,random_survival_forest,60.0,0,0.023552742802217346,0.08955223880597014,-0.0659994960037528,67,67,False
3,fixed_horizon_240,random_survival_forest,60.0,1,0.2796106491462879,0.07462686567164178,0.20498378347464613,67,67,False
3,fixed_horizon_240,random_survival_forest,60.0,2,0.6601321593736815,0.3283582089552239,0.33177395041845764,67,67,False
3,fixed_horizon_240,random_survival_forest,120.0,0,0.043840267338556727,0.31343283582089554,-0.2695925684823388,67,67,False
3,fixed_horizon_240,random_survival_forest,120.0,1,0.42369421218292314,0.07462686567164178,0.34906734651128135,67,67,False
3,fixed_horizon_240,random_survival_forest,120.0,2,0.8823187637293269,0.6417910447761194,0.24052771895320757,67,67,False
3,fixed_horizon_240,random_survival_forest,240.0,0,0.06536684369503544,1.0,-0.9346331563049646,67,44,False
3,fixed_horizon_240,random_survival_forest,240.0,1,0.5891186837014536,1.0,-0.4108813162985464,67,16,False
3,fixed_horizon_240,random_survival_forest,240.0,2,0.9605922284468255,1.0,-0.03940777155317454,67,61,False
3,fixed_horizon_30,cox_causal_features,30.0,0,0.27056419610823507,,,67,0,True
3,fixed_horizon_30,cox_causal_features,30.0,1,0.27277291860225017,,,67,0,True
3,fixed_horizon_30,cox_causal_features,30.0,2,0.36768109514568625,1.0,-0.6323189048543137,67,15,False
3,fixed_horizon_30,cox_context_only,30.0,0,0.1884843712650272,1.0,-0.8115156287349727,67,10,False
3,fixed_horizon_30,cox_context_only,30.0,1,0.27115930018319223,,,67,0,True
3,fixed_horizon_30,cox_context_only,30.0,2,0.3765788585847347,1.0,-0.6234211414152653,67,5,True
3,fixed_horizon_30,landmark_km_baseline,30.0,0,0.3333333333333334,1.0,-0.6666666666666665,201,15,False
3,fixed_horizon_30,random_survival_forest,30.0,0,0.03736524895135449,,,67,0,True
3,fixed_horizon_30,random_survival_forest,30.0,1,0.10350499062575477,,,69,0,True
3,fixed_horizon_30,random_survival_forest,30.0,2,0.387216096320589,1.0,-0.6127839036794109,65,15,False
3,fixed_horizon_60,cox_causal_features,30.0,0,0.1984899830954266,0.0,0.1984899830954266,67,67,False
3,fixed_horizon_60,cox_causal_features,30.0,1,0.2047724481358586,0.0,0.2047724481358586,67,67,False
3,fixed_horizon_60,cox_causal_features,30.0,2,0.5229204763494365,0.22388059701492538,0.29903987933451115,67,67,False
3,fixed_horizon_60,cox_causal_features,60.0,0,0.3414238431886986,1.0,-0.6585761568113013,67,6,True
3,fixed_horizon_60,cox_causal_features,60.0,1,0.3511283769854774,,,67,0,True
3,fixed_horizon_60,cox_causal_features,60.0,2,0.6900191410933305,1.0,-0.3099808589066695,67,27,False
3,fixed_horizon_60,cox_context_only,30.0,0,0.1648588535072106,0.14925373134328357,0.015605122163927038,67,67,False
3,fixed_horizon_60,cox_context_only,30.0,1,0.24671872699550854,0.0,0.24671872699550854,67,67,False
3,fixed_horizon_60,cox_context_only,30.0,2,0.3761350873145462,0.07462686567164178,0.3015082216429044,67,67,False
3,fixed_horizon_60,cox_context_only,60.0,0,0.29092762371005815,1.0,-0.7090723762899418,67,22,False
3,fixed_horizon_60,cox_context_only,60.0,1,0.41751840279444324,,,67,0,True
3,fixed_horizon_60,cox_context_only,60.0,2,0.5916339932055624,1.0,-0.4083660067944376,67,11,False
3,fixed_horizon_60,landmark_km_baseline,30.0,0,0.32929292929292936,0.07462686567164178,0.2546660636212876,201,201,False
3,fixed_horizon_60,landmark_km_baseline,60.0,0,0.5111111111111111,1.0,-0.48888888888888893,201,33,False
3,fixed_horizon_60,random_survival_forest,30.0,0,0.009393504940244915,0.0,0.009393504940244915,67,67,False
3,fixed_horizon_60,random_survival_forest,30.0,1,0.04596498603895604,0.0,0.04596498603895604,67,67,False
3,fixed_horizon_60,random_survival_forest,30.0,2,0.38267823140654833,0.22388059701492538,0.15879763439162295,67,67,False
3,fixed_horizon_60,random_survival_forest,60.0,0,0.026291795303915226,1.0,-0.9737082046960848,67,6,True
3,fixed_horizon_60,random_survival_forest,60.0,1,0.14971017011404086,1.0,-0.8502898298859591,67,1,True
3,fixed_horizon_60,random_survival_forest,60.0,2,0.6065039604114846,1.0,-0.3934960395885154,67,26,False
3,full_event,cox_causal_features,120.0,0,0.3037016232848118,0.26865671641791045,0.03504490686690137,67,67,False
3,full_event,cox_causal_features,120.0,1,0.36658531962208846,0.14925373134328357,0.2173315882788049,67,67,False
3,full_event,cox_causal_features,120.0,2,0.8082623820596759,0.6119402985074627,0.19632208355221326,67,67,False
3,full_event,cox_causal_features,240.0,0,0.45041443534055314,0.6268656716417911,-0.17645123630123793,67,67,False
3,full_event,cox_causal_features,240.0,1,0.5324284539515846,0.26865671641791045,0.2637717375336741,67,67,False
3,full_event,cox_causal_features,240.0,2,0.895046428902104,0.9104477611940298,-0.015401332291925862,67,67,False
3,full_event,cox_context_only,120.0,0,0.5364851504163425,0.34328358208955223,0.19320156832679025,67,67,False
3,full_event,cox_context_only,120.0,1,0.6595263685676555,0.34328358208955223,0.3162427864781032,67,67,False
3,full_event,cox_context_only,120.0,2,0.7757352811258115,0.34328358208955223,0.43245169903625924,67,67,False
3,full_event,cox_context_only,240.0,0,0.6720428747377871,0.7014925373134329,-0.02944966257564574,67,67,False
3,full_event,cox_context_only,240.0,1,0.7942007446160272,0.7014925373134329,0.09270820730259433,67,67,False
3,full_event,cox_context_only,240.0,2,0.8883317803343315,0.40298507462686567,0.4853467057074658,67,67,False
3,full_event,landmark_km_baseline,120.0,0,0.6751912568306011,0.34328358208955223,0.3319076747410489,201,201,False
3,full_event,landmark_km_baseline,240.0,0,0.7740515222482436,0.6019900497512438,0.17206147249699977,201,201,False
3,full_event,random_survival_forest,120.0,0,0.07613498796893044,0.26865671641791045,-0.19252172844898002,67,67,False
3,full_event,random_survival_forest,120.0,1,0.2703622367760583,0.13432835820895522,0.13603387856710308,67,67,False
3,full_event,random_survival_forest,120.0,2,0.778559907558581,0.6268656716417911,0.15169423591678988,67,67,False
3,full_event,random_survival_forest,240.0,0,0.13630915721836576,0.6268656716417911,-0.4905565144234253,67,67,False
3,full_event,random_survival_forest,240.0,1,0.4470941746415908,0.2537313432835821,0.1933628313580087,67,67,False
3,full_event,random_survival_forest,240.0,2,0.9198363878056475,0.9253731343283582,-0.005536746522710745,67,67,False
3,target_censoring_25,cox_causal_features,60.0,0,0.13629233922942996,0.1044776119402985,0.031814727289131456,67,67,False
3,target_censoring_25,cox_causal_features,60.0,1,0.16974916671643334,0.0,0.16974916671643334,67,67,False
3,target_censoring_25,cox_causal_features,60.0,2,0.7046130690539125,0.3880597014925373,0.3165533675613752,67,67,False
3,target_censoring_25,cox_causal_features,120.0,0,0.3134435246393218,0.2835820895522388,0.029861435087083,67,67,False
3,target_censoring_25,cox_causal_features,120.0,1,0.3799829944666518,0.05970149253731343,0.32028150192933835,67,67,False
3,target_censoring_25,cox_causal_features,120.0,2,0.8557362240312495,0.6865671641791045,0.16916905985214503,67,67,False
3,target_censoring_25,cox_causal_features,240.0,0,0.43301679437281493,0.6417910447761194,-0.20877425040330444,67,67,False
3,target_censoring_25,cox_causal_features,240.0,1,0.5135137175198408,0.19402985074626866,0.3194838667735721,67,67,False
3,target_censoring_25,cox_causal_features,240.0,2,0.9099027892016529,0.9701492537313433,-0.0602464645296904,67,67,False
3,target_censoring_25,cox_context_only,60.0,0,0.3428237242272436,0.16417910447761194,0.17864461974963167,67,67,False
3,target_censoring_25,cox_context_only,60.0,1,0.4351077170125026,0.16417910447761194,0.27092861253489064,67,67,False
3,target_censoring_25,cox_context_only,60.0,2,0.5711142950377761,0.16417910447761194,0.40693519056016414,67,67,False
3,target_censoring_25,cox_context_only,120.0,0,0.5824772075935277,0.34328358208955223,0.2391936255039755,67,67,False
3,target_censoring_25,cox_context_only,120.0,1,0.696109226331197,0.34328358208955223,0.35282564424164475,67,67,False
3,target_censoring_25,cox_context_only,120.0,2,0.8232623713013996,0.34328358208955223,0.47997878921184733,67,67,False
3,target_censoring_25,cox_context_only,240.0,0,0.683511117818489,0.7014925373134329,-0.017981419494943918,67,67,False
3,target_censoring_25,cox_context_only,240.0,1,0.7915111129582774,0.7014925373134329,0.0900185756448445,67,67,False
3,target_censoring_25,cox_context_only,240.0,2,0.8947154063265024,0.40298507462686567,0.4917303316996367,67,67,False
3,target_censoring_25,landmark_km_baseline,60.0,0,0.49947439997059584,0.16417910447761194,0.33529529549298387,201,201,False
3,target_censoring_25,landmark_km_baseline,120.0,0,0.7111258132098356,0.34328358208955223,0.36784223112028336,201,201,False
3,target_censoring_25,landmark_km_baseline,240.0,0,0.7756827287095234,0.6019900497512438,0.17369267895827956,201,201,False
3,target_censoring_25,random_survival_forest,60.0,0,0.057850870182874735,0.11940298507462686,-0.06155211489175213,67,67,False
3,target_censoring_25,random_survival_forest,60.0,1,0.1849479785403936,0.014925373134328358,0.17002260540606526,67,67,False
3,target_censoring_25,random_survival_forest,60.0,2,0.5967313687864694,0.3582089552238806,0.2385224135625888,67,67,False
3,target_censoring_25,random_survival_forest,120.0,0,0.132625937136007,0.2835820895522388,-0.15095615241623178,67,67,False
3,target_censoring_25,random_survival_forest,120.0,1,0.3660807496446258,0.11940298507462686,0.2466777645699989,67,67,False
3,target_censoring_25,random_survival_forest,120.0,2,0.8484424851397117,0.6268656716417911,0.22157681349792058,67,67,False
3,target_censoring_25,random_survival_forest,240.0,0,0.19239538083194696,0.6417910447761194,-0.4493956639441724,67,67,False
3,target_censoring_25,random_survival_forest,240.0,1,0.5025512961976408,0.2537313432835821,0.24881995291405873,67,67,False
3,target_censoring_25,random_survival_forest,240.0,2,0.9283024954839032,0.9104477611940298,0.017854734289873386,67,67,False
3,target_censoring_50,cox_causal_features,60.0,0,0.12067415783814414,0.08955223880597014,0.031121919032173997,67,67,False
3,target_censoring_50,cox_causal_features,60.0,1,0.14392691593859194,0.0,0.14392691593859194,67,67,False
3,target_censoring_50,cox_causal_features,60.0,2,0.6853072916451026,0.40298507462686567,0.28232221701823695,67,67,False
3,target_censoring_50,cox_causal_features,120.0,0,0.3041466266369882,0.26865671641791045,0.03548991021907777,67,67,False
3,target_censoring_50,cox_causal_features,120.0,1,0.35460558911317985,0.13432835820895522,0.22027723090422463,67,67,False
3,target_censoring_50,cox_causal_features,120.0,2,0.8255784310938286,0.6268656716417911,0.19871275945203748,67,67,False
3,target_censoring_50,cox_causal_features,240.0,0,0.39739136510037665,0.6119402985074627,-0.21454893340708603,67,67,False
3,target_censoring_50,cox_causal_features,240.0,1,0.4573614116262964,0.26865671641791045,0.18870469520838595,67,67,False
3,target_censoring_50,cox_causal_features,240.0,2,0.8711922968027898,0.9253731343283582,-0.05418083752556846,67,67,False
3,target_censoring_50,cox_context_only,60.0,0,0.33559644036182623,0.3283582089552239,0.007238231406602347,67,67,False
3,target_censoring_50,cox_context_only,60.0,1,0.40712978139233813,0.0,0.40712978139233813,67,67,False
3,target_censoring_50,cox_context_only,60.0,2,0.5639160781256407,0.16417910447761194,0.39973697364802874,67,67,False
3,target_censoring_50,cox_context_only,120.0,0,0.6020310879498234,0.5671641791044776,0.03486690884534582,67,67,False
3,target_censoring_50,cox_context_only,120.0,1,0.6933949252779937,0.11940298507462686,0.5739919402033669,67,67,False
3,target_censoring_50,cox_context_only,120.0,2,0.8427226870078496,0.34328358208955223,0.49943910491829735,67,67,False
3,target_censoring_50,cox_context_only,240.0,0,0.6963248471616569,0.9253731343283582,-0.22904828716670134,67,67,False
3,target_censoring_50,cox_context_only,240.0,1,0.7835679006214747,0.47761194029850745,0.3059559603229673,67,67,False
3,target_censoring_50,cox_context_only,240.0,2,0.9065431300705983,0.40298507462686567,0.5035580554437327,67,67,False
3,target_censoring_50,landmark_km_baseline,60.0,0,0.4881019299231778,0.16417910447761194,0.32392282544556583,201,201,False
3,target_censoring_50,landmark_km_baseline,120.0,0,0.7217537942664417,0.34328358208955223,0.3784702121768895,201,201,False
3,target_censoring_50,landmark_km_baseline,240.0,0,0.7777777777777777,0.6019900497512438,0.17578772802653386,201,201,False
3,target_censoring_50,random_survival_forest,60.0,0,0.07101805709605356,0.08823529411764706,-0.0172172370215935,68,68,False
3,target_censoring_50,random_survival_forest,60.0,1,0.24676211359454983,0.045454545454545456,0.2013075681400044,66,66,False
3,target_censoring_50,random_survival_forest,60.0,2,0.6137733665522523,0.3582089552238806,0.25556441132837177,67,67,False
3,target_censoring_50,random_survival_forest,120.0,0,0.09705809417734045,0.26865671641791045,-0.17159862224057,67,67,False
3,target_censoring_50,random_survival_forest,120.0,1,0.438012204182243,0.1044776119402985,0.3335345922419445,67,67,False
3,target_censoring_50,random_survival_forest,120.0,2,0.8837095394327845,0.6567164179104478,0.22699312152233675,67,67,False
3,target_censoring_50,random_survival_forest,240.0,0,0.15037530314776393,0.6268656716417911,-0.47649036849402715,67,67,False
3,target_censoring_50,random_survival_forest,240.0,1,0.6241366535563411,0.2835820895522388,0.3405545640041023,67,67,False
3,target_censoring_50,random_survival_forest,240.0,2,0.961716432654157,0.8955223880597015,0.06619404459445544,67,67,False
3,target_censoring_75,cox_causal_features,30.0,0,0.12136388918687081,0.0,0.12136388918687081,67,67,False
3,target_censoring_75,cox_causal_features,30.0,1,0.12860957616513619,0.014925373134328358,0.11368420303080783,67,67,False
3,target_censoring_75,cox_causal_features,30.0,2,0.42334009472309847,0.208955223880597,0.21438487084250146,67,67,False
3,target_censoring_75,cox_causal_features,60.0,0,0.23985668124623044,0.08955223880597014,0.1503044424402603,67,67,False
3,target_censoring_75,cox_causal_features,60.0,1,0.2530593560179448,0.014925373134328358,0.23813398288361648,67,67,False
3,target_censoring_75,cox_causal_features,60.0,2,0.6216656741154044,0.3880597014925373,0.2336059726228671,67,67,False
3,target_censoring_75,cox_causal_features,120.0,0,0.45815902532752717,0.26865671641791045,0.18950230890961672,67,67,False
3,target_censoring_75,cox_causal_features,120.0,1,0.47893502776961827,0.13432835820895522,0.34460666956066305,67,67,False
3,target_censoring_75,cox_causal_features,120.0,2,0.8082100327173714,0.6268656716417911,0.18134436107558027,67,67,False
3,target_censoring_75,cox_causal_features,240.0,0,0.5605390480026319,0.582089552238806,-0.021550504236174106,67,67,False
3,target_censoring_75,cox_causal_features,240.0,1,0.5829515693780447,0.31343283582089554,0.26951873355714917,67,67,False
3,target_censoring_75,cox_causal_features,240.0,2,0.8623610236942145,0.9104477611940298,-0.04808673749981529,67,67,False
3,target_censoring_75,cox_context_only,30.0,0,0.10196833581452004,0.14925373134328357,-0.04728539552876353,67,67,False
3,target_censoring_75,cox_context_only,30.0,1,0.19941532116864527,0.0,0.19941532116864527,67,67,False
3,target_censoring_75,cox_context_only,30.0,2,0.37191227147620953,0.07462686567164178,0.29728540580456775,67,67,False
3,target_censoring_75,cox_context_only,60.0,0,0.1930379950073442,0.3283582089552239,-0.1353202139478797,67,67,False
3,target_censoring_75,cox_context_only,60.0,1,0.3578223506904355,0.0,0.3578223506904355,67,67,False
3,target_censoring_75,cox_context_only,60.0,2,0.6009215481696352,0.16417910447761194,0.4367424436920232,67,67,False
3,target_censoring_75,cox_context_only,120.0,0,0.36061529094362377,0.6865671641791045,-0.3259518732354807,67,67,False
3,target_censoring_75,cox_context_only,120.0,1,0.6019849489968149,0.0,0.6019849489968149,67,67,False
3,target_censoring_75,cox_context_only,120.0,2,0.8477191074878735,0.34328358208955223,0.5044355253983213,67,67,False
3,target_censoring_75,cox_context_only,240.0,0,0.48222068586451755,1.0,-0.5177793141354825,67,67,False
3,target_censoring_75,cox_context_only,240.0,1,0.7411228877988034,0.40298507462686567,0.33813781317193775,67,67,False
3,target_censoring_75,cox_context_only,240.0,2,0.9343227405943727,0.40298507462686567,0.5313376659675071,67,67,False
3,target_censoring_75,landmark_km_baseline,30.0,0,0.3202714164546227,0.07462686567164178,0.24564455078298092,201,201,False
3,target_censoring_75,landmark_km_baseline,60.0,0,0.5109414758269721,0.16417910447761194,0.34676237134936017,201,201,False
3,target_censoring_75,landmark_km_baseline,120.0,0,0.7111111111111111,0.34328358208955223,0.3678275290215589,201,201,False
3,target_censoring_75,landmark_km_baseline,240.0,0,0.7777777777777777,0.6019900497512438,0.17578772802653386,201,201,False
3,target_censoring_75,random_survival_forest,30.0,0,0.008494284360910714,0.0,0.008494284360910714,68,68,False
3,target_censoring_75,random_survival_forest,30.0,1,0.16973433105093147,0.056338028169014086,0.11339630288191738,71,71,False
3,target_censoring_75,random_survival_forest,30.0,2,0.43975290823949725,0.1774193548387097,0.26233355340078757,62,62,False
3,target_censoring_75,random_survival_forest,60.0,0,0.009185802475219763,0.08955223880597014,-0.08036643633075038,67,67,False
3,target_censoring_75,random_survival_forest,60.0,1,0.213551850010187,0.014925373134328358,0.19862647687585866,67,67,False
3,target_censoring_75,random_survival_forest,60.0,2,0.6139907643218692,0.3880597014925373,0.22593106282933184,67,67,False
3,target_censoring_75,random_survival_forest,120.0,0,0.03690997214547328,0.26865671641791045,-0.23174674427243716,67,67,False
3,target_censoring_75,random_survival_forest,120.0,1,0.36823399061341255,0.11940298507462686,0.24883100553878568,67,67,False
3,target_censoring_75,random_survival_forest,120.0,2,0.8894745677110802,0.6417910447761194,0.24768352293496088,67,67,False
3,target_censoring_75,random_survival_forest,240.0,0,0.05425261518208373,0.6268656716417911,-0.5726130564597074,67,67,False
3,target_censoring_75,random_survival_forest,240.0,1,0.5325397905465403,0.23880597014925373,0.29373382039728657,67,67,False
3,target_censoring_75,random_survival_forest,240.0,2,0.9681235380615832,0.9402985074626866,0.027825030598896627,67,67,False
4,fixed_horizon_120,cox_causal_features,30.0,0,0.10628671900771891,0.0,0.10628671900771891,39,39,False
4,fixed_horizon_120,cox_causal_features,30.0,1,0.10808429998412418,0.0,0.10808429998412418,39,39,False
4,fixed_horizon_120,cox_causal_features,30.0,2,0.378773173804881,0.3076923076923077,0.0710808661125733,39,39,False
4,fixed_horizon_120,cox_causal_features,60.0,0,0.22761417040960596,0.0,0.22761417040960596,39,39,False
4,fixed_horizon_120,cox_causal_features,60.0,1,0.2311807312563449,0.0,0.2311807312563449,39,39,False
4,fixed_horizon_120,cox_causal_features,60.0,2,0.49064274800987107,0.5128205128205128,-0.02217776481064171,39,39,False
4,fixed_horizon_120,cox_causal_features,120.0,0,0.49098696741157455,1.0,-0.5090130325884255,39,1,True
4,fixed_horizon_120,cox_causal_features,120.0,1,0.4971186891479617,1.0,-0.5028813108520382,39,3,True
4,fixed_horizon_120,cox_causal_features,120.0,2,0.6905028369346449,1.0,-0.30949716306535513,39,28,False
4,fixed_horizon_120,cox_context_only,30.0,0,0.6144861978462417,0.3076923076923077,0.306793890153934,39,39,False
4,fixed_horizon_120,cox_context_only,30.0,1,0.7311799889246992,0.0,0.7311799889246992,39,39,False
4,fixed_horizon_120,cox_context_only,30.0,2,0.7645508115379238,0.0,0.7645508115379238,39,39,False
4,fixed_horizon_120,cox_context_only,60.0,0,0.82770443433874,0.5128205128205128,0.3148839215182272,39,39,False
4,fixed_horizon_120,cox_context_only,60.0,1,0.9285440422782315,0.0,0.9285440422782315,39,39,False
4,fixed_horizon_120,cox_context_only,60.0,2,0.9452161962958988,0.0,0.9452161962958988,39,39,False
4,fixed_horizon_120,cox_context_only,120.0,0,0.9520240746851275,1.0,-0.04797592531487249,39,32,False
4,fixed_horizon_120,cox_context_only,120.0,1,0.9961582925800878,,,39,0,True
4,fixed_horizon_120,cox_context_only,120.0,2,0.9978063469336745,,,39,0,True
4,fixed_horizon_120,landmark_km_baseline,30.0,0,0.29005847953216385,0.10256410256410256,0.1874943769680613,117,117,False
4,fixed_horizon_120,landmark_km_baseline,60.0,0,0.4748538011695904,0.17094017094017094,0.3039136302294195,117,117,False
4,fixed_horizon_120,landmark_km_baseline,120.0,0,0.7111111111111109,1.0,-0.2888888888888891,117,32,False
4,fixed_horizon_120,random_survival_forest,30.0,0,0.0730022624324461,0.10256410256410256,-0.029561840131656456,117,117,False
4,fixed_horizon_120,random_survival_forest,60.0,0,0.0,0.08974358974358974,-0.08974358974358974,78,78,False
4,fixed_horizon_120,random_survival_forest,60.0,1,0.3063198503223901,0.3333333333333333,-0.027013483010943196,39,39,False
4,fixed_horizon_120,random_survival_forest,120.0,0,0.04089228037398522,1.0,-0.9591077196260148,39,9,True
4,fixed_horizon_120,random_survival_forest,120.0,1,0.0762745504235563,1.0,-0.9237254495764438,41,4,True
4,fixed_horizon_120,random_survival_forest,120.0,2,0.48853239795196346,1.0,-0.5114676020480365,37,19,False
4,fixed_horizon_240,cox_causal_features,30.0,0,0.10072369176828094,0.05128205128205128,0.04944164048622966,39,39,False
4,fixed_horizon_240,cox_causal_features,30.0,1,0.10446072506287721,0.07692307692307693,0.02753764813980028,39,39,False
4,fixed_horizon_240,cox_causal_features,30.0,2,0.38651436043053927,0.1794871794871795,0.20702718094335978,39,39,False
4,fixed_horizon_240,cox_causal_features,60.0,0,0.2184970067630754,0.07692307692307693,0.14157392983999847,39,39,False
4,fixed_horizon_240,cox_causal_features,60.0,1,0.2260218251763635,0.10256410256410256,0.12345772261226093,39,39,False
4,fixed_horizon_240,cox_causal_features,60.0,2,0.4981523460890779,0.3333333333333333,0.16481901275574457,39,39,False
4,fixed_horizon_240,cox_causal_features,120.0,0,0.5012254288617901,0.07692307692307693,0.4243023519387132,39,39,False
4,fixed_horizon_240,cox_causal_features,120.0,1,0.5147037028614577,0.1794871794871795,0.3352165233742782,39,39,False
4,fixed_horizon_240,cox_causal_features,120.0,2,0.709482986413513,0.5641025641025641,0.14538042231094894,39,39,False
4,fixed_horizon_240,cox_causal_features,240.0,0,0.5463536620329519,1.0,-0.4536463379670481,39,11,False
4,fixed_horizon_240,cox_causal_features,240.0,1,0.5602761094536005,1.0,-0.4397238905463995,39,22,False
4,fixed_horizon_240,cox_causal_features,240.0,2,0.7397347356437619,1.0,-0.2602652643562381,39,23,False
4,fixed_horizon_240,cox_context_only,30.0,0,0.6134051761561097,0.3076923076923077,0.30571286846380197,39,39,False
4,fixed_horizon_240,cox_context_only,30.0,1,0.7268667020607986,0.0,0.7268667020607986,39,39,False
4,fixed_horizon_240,cox_context_only,30.0,2,0.7623244050132998,0.0,0.7623244050132998,39,39,False
4,fixed_horizon_240,cox_context_only,60.0,0,0.8244130622567917,0.5128205128205128,0.3115925494362789,39,39,False
4,fixed_horizon_240,cox_context_only,60.0,1,0.9222610973233322,0.0,0.9222610973233322,39,39,False
4,fixed_horizon_240,cox_context_only,60.0,2,0.940875459122661,0.0,0.940875459122661,39,39,False
4,fixed_horizon_240,cox_context_only,120.0,0,0.9569701950122731,0.8205128205128205,0.1364573744994526,39,39,False
4,fixed_horizon_240,cox_context_only,120.0,1,0.9962095699259663,0.0,0.9962095699259663,39,39,False
4,fixed_horizon_240,cox_context_only,120.0,2,0.9979144376085773,0.0,0.9979144376085773,39,39,False
4,fixed_horizon_240,cox_context_only,240.0,0,0.9664970972685646,1.0,-0.03350290273143541,39,39,False
4,fixed_horizon_240,cox_context_only,240.0,1,0.9980798971101305,1.0,-0.001920102889869546,39,17,False
4,fixed_horizon_240,cox_context_only,240.0,2,0.9990201504222498,,,39,0,True
4,fixed_horizon_240,landmark_km_baseline,30.0,0,0.29722222222222244,0.10256410256410256,0.19465811965811988,117,117,False
4,fixed_horizon_240,landmark_km_baseline,60.0,0,0.47777777777777763,0.17094017094017094,0.3068376068376067,117,117,False
4,fixed_horizon_240,landmark_km_baseline,120.0,0,0.7222222222222223,0.27350427350427353,0.4487179487179488,117,117,False
4,fixed_horizon_240,landmark_km_baseline,240.0,0,0.7555555555555559,1.0,-0.24444444444444413,117,56,False
4,fixed_horizon_240,random_survival_forest,30.0,0,0.00475930553329858,0.11764705882352941,-0.11288775329023083,51,51,False
4,fixed_horizon_240,random_survival_forest,30.0,1,0.008547569925093248,0.0,0.008547569925093248,47,47,False
4,fixed_horizon_240,random_survival_forest,30.0,2,0.49299509256626917,0.3157894736842105,0.17720561888205866,19,19,False
4,fixed_horizon_240,random_survival_forest,60.0,0,0.005819470878553736,0.18604651162790697,-0.18022704074935325,43,43,False
4,fixed_horizon_240,random_survival_forest,60.0,1,0.01013337102091192,0.0,0.01013337102091192,43,43,False
4,fixed_horizon_240,random_survival_forest,60.0,2,0.4284576808483974,0.3870967741935484,0.04136090665484904,31,31,False
4,fixed_horizon_240,random_survival_forest,120.0,0,0.05708892875712379,0.07692307692307693,-0.019834148165953136,39,39,False
4,fixed_horizon_240,random_survival_forest,120.0,1,0.1306651543666407,0.05,0.08066515436664069,40,40,False
4,fixed_horizon_240,random_survival_forest,120.0,2,0.5417056295436385,0.7105263157894737,-0.16882068624583513,38,38,False
4,fixed_horizon_240,random_survival_forest,240.0,0,0.10783247645131631,1.0,-0.8921675235486837,39,12,False
4,fixed_horizon_240,random_survival_forest,240.0,1,0.24265016156749047,1.0,-0.7573498384325095,39,15,False
4,fixed_horizon_240,random_survival_forest,240.0,2,0.6604794137974188,1.0,-0.3395205862025812,39,29,False
4,fixed_horizon_30,cox_causal_features,30.0,0,0.0781345373803245,,,39,0,True
4,fixed_horizon_30,cox_causal_features,30.0,1,0.08160307565122622,,,39,0,True
4,fixed_horizon_30,cox_causal_features,30.0,2,0.37605722204788883,1.0,-0.6239427779521112,39,12,False
4,fixed_horizon_30,cox_context_only,30.0,0,0.6133811574421277,1.0,-0.38661884255787227,39,12,False
4,fixed_horizon_30,cox_context_only,30.0,1,0.7466558199098079,,,39,0,True
4,fixed_horizon_30,cox_context_only,30.0,2,0.7832685036222572,,,39,0,True
4,fixed_horizon_30,landmark_km_baseline,30.0,0,0.288888888888889,1.0,-0.711111111111111,117,12,False
4,fixed_horizon_30,random_survival_forest,30.0,0,0.08083516975788113,1.0,-0.9191648302421189,117,12,False
4,fixed_horizon_60,cox_causal_features,30.0,0,0.043572418300849174,0.0,0.043572418300849174,39,39,False
4,fixed_horizon_60,cox_causal_features,30.0,1,0.04606744636580828,0.0,0.04606744636580828,39,39,False
4,fixed_horizon_60,cox_causal_features,30.0,2,0.324716581574642,0.3076923076923077,0.017024273882334295,39,39,False
4,fixed_horizon_60,cox_causal_features,60.0,0,0.11906223363457825,,,39,0,True
4,fixed_horizon_60,cox_causal_features,60.0,1,0.1255959453520894,,,39,0,True
4,fixed_horizon_60,cox_causal_features,60.0,2,0.4418178657846505,1.0,-0.5581821342153495,39,20,False
4,fixed_horizon_60,cox_context_only,30.0,0,0.6012740353603656,0.3076923076923077,0.2935817276680579,39,39,False
4,fixed_horizon_60,cox_context_only,30.0,1,0.7356412567037991,0.0,0.7356412567037991,39,39,False
4,fixed_horizon_60,cox_context_only,30.0,2,0.788440614722802,0.0,0.788440614722802,39,39,False
4,fixed_horizon_60,cox_context_only,60.0,0,0.8145814442003682,1.0,-0.18541855579963185,39,20,False
4,fixed_horizon_60,cox_context_only,60.0,1,0.9283737107325314,,,39,0,True
4,fixed_horizon_60,cox_context_only,60.0,2,0.953907542545349,,,39,0,True
4,fixed_horizon_60,landmark_km_baseline,30.0,0,0.288888888888889,0.10256410256410256,0.1863247863247864,117,117,False
4,fixed_horizon_60,landmark_km_baseline,60.0,0,0.4666666666666668,1.0,-0.5333333333333332,117,20,False
4,fixed_horizon_60,random_survival_forest,30.0,0,0.08183157103853934,0.10256410256410256,-0.020732531525563216,117,117,False
4,fixed_horizon_60,random_survival_forest,60.0,0,0.00297442023931474,1.0,-0.9970255797606853,40,2,True
4,fixed_horizon_60,random_survival_forest,60.0,1,0.012078319085732979,1.0,-0.987921680914267,53,6,True
4,fixed_horizon_60,random_survival_forest,60.0,2,0.5248513922968513,1.0,-0.4751486077031487,24,12,False
4,full_event,cox_causal_features,120.0,0,0.36226892930087917,0.23076923076923078,0.1314996985316484,39,39,False
4,full_event,cox_causal_features,120.0,1,0.39658678977422157,0.10256410256410256,0.29402268721011904,39,39,False
4,full_event,cox_causal_features,120.0,2,0.6611331736085302,0.48717948717948717,0.17395368642904302,39,39,False
4,full_event,cox_causal_features,240.0,0,0.5581333727841061,0.5128205128205128,0.045312859963593355,39,39,False
4,full_event,cox_causal_features,240.0,1,0.6039720383276838,0.3076923076923077,0.29627973063537605,39,39,False
4,full_event,cox_causal_features,240.0,2,0.7970736143537668,0.6153846153846154,0.18168899896915136,39,39,False
4,full_event,cox_context_only,120.0,0,0.9847265116642027,0.27350427350427353,0.7112222381599291,117,117,False
4,full_event,cox_context_only,240.0,0,0.9923535996528736,0.47863247863247865,0.5137211210203949,117,117,False
4,full_event,landmark_km_baseline,120.0,0,0.6323777935718232,0.27350427350427353,0.3588735200675497,117,117,False
4,full_event,landmark_km_baseline,240.0,0,0.7510384585011449,0.47863247863247865,0.27240597986866627,117,117,False
4,full_event,random_survival_forest,120.0,0,0.15774914565755446,0.1794871794871795,-0.021738033829625025,39,39,False
4,full_event,random_survival_forest,120.0,1,0.23183816569869145,0.05128205128205128,0.18055611441664016,39,39,False
4,full_event,random_survival_forest,120.0,2,0.5996106965338142,0.5897435897435898,0.0098671067902244,39,39,False
4,full_event,random_survival_forest,240.0,0,0.25265012511282486,0.3333333333333333,-0.08068320822050845,39,39,False
4,full_event,random_survival_forest,240.0,1,0.4333355181207877,0.4358974358974359,-0.002561917776648215,39,39,False
4,full_event,random_survival_forest,240.0,2,0.7745351275623417,0.6666666666666666,0.10786846089567503,39,39,False
4,target_censoring_25,cox_causal_features,120.0,0,0.5525250567686875,0.20512820512820512,0.34739685164048234,39,39,False
4,target_censoring_25,cox_causal_features,120.0,1,0.5839677317195777,0.05128205128205128,0.5326856804375264,39,39,False
4,target_censoring_25,cox_causal_features,120.0,2,0.761886894696998,0.5641025641025641,0.1977843305944339,39,39,False
4,target_censoring_25,cox_causal_features,240.0,0,0.6178957427196925,0.3076923076923077,0.3102034350273848,39,39,False
4,target_censoring_25,cox_causal_features,240.0,1,0.6500457422912661,0.48717948717948717,0.16286625511177893,39,39,False
4,target_censoring_25,cox_causal_features,240.0,2,0.8044394030424874,0.6410256410256411,0.16341376201684632,39,39,False
4,target_censoring_25,cox_context_only,120.0,0,0.9897847897608869,0.27350427350427353,0.7162805162566134,117,117,False
4,target_censoring_25,cox_context_only,240.0,0,0.9925979765729844,0.47863247863247865,0.5139654979405057,117,117,False
4,target_censoring_25,landmark_km_baseline,120.0,0,0.7038710566193686,0.27350427350427353,0.430366783115095,117,117,False
4,target_censoring_25,landmark_km_baseline,240.0,0,0.7545361313924472,0.47863247863247865,0.2759036527599686,117,117,False
4,target_censoring_25,random_survival_forest,120.0,0,0.1510901352366769,0.1794871794871795,-0.0283970442505026,39,39,False
4,target_censoring_25,random_survival_forest,120.0,1,0.3230139893696527,0.05128205128205128,0.27173193808760143,39,39,False
4,target_censoring_25,random_survival_forest,120.0,2,0.6597428462691269,0.5897435897435898,0.06999925652553718,39,39,False
4,target_censoring_25,random_survival_forest,240.0,0,0.2533708014510511,0.28205128205128205,-0.02868048060023093,39,39,False
4,target_censoring_25,random_survival_forest,240.0,1,0.5146864551454388,0.46153846153846156,0.053147993606977195,39,39,False
4,target_censoring_25,random_survival_forest,240.0,2,0.8018196830045714,0.6923076923076923,0.10951199069687911,39,39,False
4,target_censoring_50,cox_causal_features,60.0,0,0.2163195854145104,0.05128205128205128,0.16503753413245914,39,39,False
4,target_censoring_50,cox_causal_features,60.0,1,0.22445233904638096,0.05128205128205128,0.1731702877643297,39,39,False
4,target_censoring_50,cox_causal_features,60.0,2,0.5048959012022984,0.41025641025641024,0.0946394909458882,39,39,False
4,target_censoring_50,cox_causal_features,120.0,0,0.515354050409774,0.05128205128205128,0.46407199912772273,39,39,False
4,target_censoring_50,cox_causal_features,120.0,1,0.5304289222681406,0.10256410256410256,0.4278648197040381,39,39,False
4,target_censoring_50,cox_causal_features,120.0,2,0.7225886147289089,0.6666666666666666,0.055921948062242266,39,39,False
4,target_censoring_50,cox_causal_features,240.0,0,0.5830823270846135,0.2564102564102564,0.3266720706743571,39,39,False
4,target_censoring_50,cox_causal_features,240.0,1,0.5987675759962219,0.46153846153846156,0.13722911445776032,39,39,False
4,target_censoring_50,cox_causal_features,240.0,2,0.7667155151240425,0.717948717948718,0.048766797175324506,39,39,False
4,target_censoring_50,cox_context_only,60.0,0,0.7922470531533161,0.5128205128205128,0.27942654033280334,39,39,False
4,target_censoring_50,cox_context_only,60.0,1,0.8811955777053726,0.0,0.8811955777053726,39,39,False
4,target_censoring_50,cox_context_only,60.0,2,0.8919302521011124,0.0,0.8919302521011124,39,39,False
4,target_censoring_50,cox_context_only,120.0,0,0.9507089322303958,0.8205128205128205,0.13019611171757528,39,39,False
4,target_censoring_50,cox_context_only,120.0,1,0.9932175839915317,0.0,0.9932175839915317,39,39,False
4,target_censoring_50,cox_context_only,120.0,2,0.9946506322428786,0.0,0.9946506322428786,39,39,False
4,target_censoring_50,cox_context_only,240.0,0,0.9655266369341036,1.0,-0.034473363065896434,39,39,False
4,target_censoring_50,cox_context_only,240.0,1,0.997361730567834,0.4358974358974359,0.561464294670398,39,39,False
4,target_censoring_50,cox_context_only,240.0,2,0.9980171241332684,0.0,0.9980171241332684,39,39,False
4,target_censoring_50,landmark_km_baseline,60.0,0,0.4521477015825167,0.17094017094017094,0.28120753064234577,117,117,False
4,target_censoring_50,landmark_km_baseline,120.0,0,0.7079795696223726,0.27350427350427353,0.4344752961180991,117,117,False
4,target_censoring_50,landmark_km_baseline,240.0,0,0.7565938206480781,0.47863247863247865,0.27796134201559947,117,117,False
4,target_censoring_50,random_survival_forest,60.0,0,0.006512024807689585,0.17073170731707318,-0.1642196825093836,41,41,False
4,target_censoring_50,random_survival_forest,60.0,1,0.017650998603270466,0.0,0.017650998603270466,38,38,False
4,target_censoring_50,random_survival_forest,60.0,2,0.37222727158349683,0.34210526315789475,0.030122008425602087,38,38,False
4,target_censoring_50,random_survival_forest,120.0,0,0.13364764298132056,0.1794871794871795,-0.045839536505858924,39,39,False
4,target_censoring_50,random_survival_forest,120.0,1,0.2946622518617874,0.1282051282051282,0.1664571236566592,39,39,False
4,target_censoring_50,random_survival_forest,120.0,2,0.6184872991188585,0.5128205128205128,0.1056667862983457,39,39,False
4,target_censoring_50,random_survival_forest,240.0,0,0.2419484289570046,0.358974358974359,-0.11702593001735437,39,39,False
4,target_censoring_50,random_survival_forest,240.0,1,0.492923344201176,0.46153846153846156,0.03138488266271444,39,39,False
4,target_censoring_50,random_survival_forest,240.0,2,0.7647266685764625,0.6153846153846154,0.14934205319184712,39,39,False
4,target_censoring_75,cox_causal_features,30.0,0,0.12058254262183152,0.0,0.12058254262183152,39,39,False
4,target_censoring_75,cox_causal_features,30.0,1,0.12464787090736976,0.15384615384615385,-0.029198282938784098,39,39,False
4,target_censoring_75,cox_causal_features,30.0,2,0.3623008223066024,0.15384615384615385,0.20845466846044852,39,39,False
4,target_censoring_75,cox_causal_features,60.0,0,0.2743001228439124,0.02564102564102564,0.2486590972028868,39,39,False
4,target_censoring_75,cox_causal_features,60.0,1,0.2826903271202092,0.1794871794871795,0.10320314763302971,39,39,False
4,target_censoring_75,cox_causal_features,60.0,2,0.5146311532078561,0.3076923076923077,0.20693884551554842,39,39,False
4,target_censoring_75,cox_causal_features,120.0,0,0.5590280009302523,0.02564102564102564,0.5333869752892266,39,39,False
4,target_censoring_75,cox_causal_features,120.0,1,0.5719736902738938,0.2564102564102564,0.3155634338636374,39,39,False
4,target_censoring_75,cox_causal_features,120.0,2,0.7325803967406467,0.5384615384615384,0.19411885827910824,39,39,False
4,target_censoring_75,cox_causal_features,240.0,0,0.6141441879654695,0.23076923076923078,0.38337495719623876,39,39,False
4,target_censoring_75,cox_causal_features,240.0,1,0.6273034846483522,0.6153846153846154,0.011918869263736753,39,39,False
4,target_censoring_75,cox_causal_features,240.0,2,0.7703934602246336,0.5897435897435898,0.18064987048104386,39,39,False
4,target_censoring_75,cox_context_only,30.0,0,0.5908520145321497,0.3076923076923077,0.28315970683984204,39,39,False
4,target_censoring_75,cox_context_only,30.0,1,0.6955864918800112,0.0,0.6955864918800112,39,39,False
4,target_censoring_75,cox_context_only,30.0,2,0.7200996501110123,0.0,0.7200996501110123,39,39,False
4,target_censoring_75,cox_context_only,60.0,0,0.8314291570131457,0.5128205128205128,0.3186086441926329,39,39,False
4,target_censoring_75,cox_context_only,60.0,1,0.9270859701094565,0.0,0.9270859701094565,39,39,False
4,target_censoring_75,cox_context_only,60.0,2,0.9399396352366008,0.0,0.9399396352366008,39,39,False
4,target_censoring_75,cox_context_only,120.0,0,0.9531618308318601,0.8205128205128205,0.13264901031903964,39,39,False
4,target_censoring_75,cox_context_only,120.0,1,0.9959099278888534,0.0,0.9959099278888534,39,39,False
4,target_censoring_75,cox_context_only,120.0,2,0.9972778066583854,0.0,0.9972778066583854,39,39,False
4,target_censoring_75,cox_context_only,240.0,0,0.9646669560734598,1.0,-0.03533304392654024,39,39,False
4,target_censoring_75,cox_context_only,240.0,1,0.9981705102210449,0.4358974358974359,0.562273074323609,39,39,False
4,target_censoring_75,cox_context_only,240.0,2,0.9988535563129357,0.0,0.9988535563129357,39,39,False
4,target_censoring_75,landmark_km_baseline,30.0,0,0.27738867271941203,0.10256410256410256,0.17482457015530947,117,117,False
4,target_censoring_75,landmark_km_baseline,60.0,0,0.47885862516212707,0.17094017094017094,0.30791845422195613,117,117,False
4,target_censoring_75,landmark_km_baseline,120.0,0,0.7144833549502806,0.27350427350427353,0.44097908144600706,117,117,False
4,target_censoring_75,landmark_km_baseline,240.0,0,0.7555555555555559,0.47863247863247865,0.2769230769230772,117,117,False
4,target_censoring_75,random_survival_forest,30.0,0,0.05188117253122906,0.10256410256410256,-0.050682930032873504,117,117,False
4,target_censoring_75,random_survival_forest,60.0,0,8.452145139781209e-06,0.0,8.452145139781209e-06,46,46,False
4,target_censoring_75,random_survival_forest,60.0,1,0.0001636817806475177,0.14285714285714285,-0.14269346107649533,42,42,False
4,target_censoring_75,random_survival_forest,60.0,2,0.34715926815619824,0.4827586206896552,-0.13559935253345695,29,29,False
4,target_censoring_75,random_survival_forest,120.0,0,0.05253786184841506,0.05128205128205128,0.0012558105663637784,39,39,False
4,target_censoring_75,random_survival_forest,120.0,1,0.11049663823275083,0.20512820512820512,-0.0946315668954543,39,39,False
4,target_censoring_75,random_survival_forest,120.0,2,0.4733028982824475,0.5641025641025641,-0.09079966582011662,39,39,False
4,target_censoring_75,random_survival_forest,240.0,0,0.10855858536125658,0.358974358974359,-0.2504157736131024,39,39,False
4,target_censoring_75,random_survival_forest,240.0,1,0.21508621151860594,0.41025641025641024,-0.1951701987378043,39,39,False
4,target_censoring_75,random_survival_forest,240.0,2,0.6136866997545357,0.6666666666666666,-0.052979966912130916,39,39,False
5,fixed_horizon_120,cox_causal_features,30.0,0,0.07849623591646628,0.36363636363636365,-0.2851401277198974,22,22,False
5,fixed_horizon_120,cox_causal_features,30.0,1,0.17398821569261422,0.045454545454545456,0.12853367023806878,22,22,False
5,fixed_horizon_120,cox_causal_features,30.0,2,0.4560267764101597,0.22727272727272727,0.22875404913743244,22,22,False
5,fixed_horizon_120,cox_causal_features,60.0,0,0.15831025999552456,0.45454545454545453,-0.29623519454992997,22,22,False
5,fixed_horizon_120,cox_causal_features,60.0,1,0.33663857333916775,0.2727272727272727,0.06391130061189504,22,22,False
5,fixed_horizon_120,cox_causal_features,60.0,2,0.6960990522497201,0.45454545454545453,0.2415535977042656,22,22,False
5,fixed_horizon_120,cox_causal_features,120.0,0,0.3253808330845659,1.0,-0.6746191669154341,22,13,False
5,fixed_horizon_120,cox_causal_features,120.0,1,0.6273056883134935,1.0,-0.37269431168650646,22,16,False
5,fixed_horizon_120,cox_causal_features,120.0,2,0.9122004234689459,1.0,-0.08779957653105408,22,18,False
5,fixed_horizon_120,cox_context_only,30.0,0,0.2903255180968812,0.22727272727272727,0.06305279082415391,22,22,False
5,fixed_horizon_120,cox_context_only,30.0,1,0.3851957319036808,0.22727272727272727,0.15792300463095352,22,22,False
5,fixed_horizon_120,cox_context_only,30.0,2,0.4529420794940268,0.18181818181818182,0.271123897675845,22,22,False
5,fixed_horizon_120,cox_context_only,60.0,0,0.47491422137327727,0.5,-0.025085778626722732,22,22,False
5,fixed_horizon_120,cox_context_only,60.0,1,0.5994391457456949,0.2727272727272727,0.3267118730184222,22,22,False
5,fixed_horizon_120,cox_context_only,60.0,2,0.678671378216854,0.4090909090909091,0.26958046912594485,22,22,False
5,fixed_horizon_120,cox_context_only,120.0,0,0.7455002649920577,1.0,-0.2544997350079423,22,22,False
5,fixed_horizon_120,cox_context_only,120.0,1,0.8572101801970483,1.0,-0.1427898198029517,22,7,True
5,fixed_horizon_120,cox_context_only,120.0,2,0.9107994851817743,1.0,-0.08920051481822566,22,18,False
5,fixed_horizon_120,landmark_km_baseline,30.0,0,0.32560386473429964,0.21212121212121213,0.11348265261308751,66,66,False
5,fixed_horizon_120,landmark_km_baseline,60.0,0,0.4995169082125605,0.3939393939393939,0.10557751427316658,66,66,False
5,fixed_horizon_120,landmark_km_baseline,120.0,0,0.711111111111111,1.0,-0.288888888888889,66,47,False
5,fixed_horizon_120,random_survival_forest,30.0,0,0.2669428486559324,0.13636363636363635,0.13057921229229602,22,22,False
5,fixed_horizon_120,random_survival_forest,30.0,1,0.5908242283061375,0.045454545454545456,0.545369682851592,22,22,False
5,fixed_horizon_120,random_survival_forest,30.0,2,0.766694404685445,0.45454545454545453,0.3121489501399905,22,22,False
5,fixed_horizon_120,random_survival_forest,60.0,0,0.43022297720249597,0.09090909090909091,0.3393138862934051,22,22,False
5,fixed_horizon_120,random_survival_forest,60.0,1,0.7472623160943559,0.3181818181818182,0.4290804979125377,22,22,False
5,fixed_horizon_120,random_survival_forest,60.0,2,0.8784882350636061,0.7727272727272727,0.10576096233633336,22,22,False
5,fixed_horizon_120,random_survival_forest,120.0,0,0.7001805954949117,1.0,-0.29981940450508826,22,6,True
5,fixed_horizon_120,random_survival_forest,120.0,1,0.9299201317061648,1.0,-0.07007986829383517,22,19,False
5,fixed_horizon_120,random_survival_forest,120.0,2,0.9820999655748593,1.0,-0.017900034425140654,22,22,False
5,fixed_horizon_240,cox_causal_features,30.0,0,0.18759465136077083,0.22727272727272727,-0.039678075911956434,22,22,False
5,fixed_horizon_240,cox_causal_features,30.0,1,0.5873527095391171,0.22727272727272727,0.3600799822663898,22,22,False
5,fixed_horizon_240,cox_causal_features,30.0,2,0.9823667874536249,0.18181818181818182,0.8005486056354432,22,22,False
5,fixed_horizon_240,cox_causal_features,60.0,0,0.3512726176197536,0.3181818181818182,0.033090799437935414,22,22,False
5,fixed_horizon_240,cox_causal_features,60.0,1,0.8232606147693547,0.22727272727272727,0.5959878874966275,22,22,False
5,fixed_horizon_240,cox_causal_features,60.0,2,0.999182676705528,0.6363636363636364,0.3628190403418916,22,22,False
5,fixed_horizon_240,cox_causal_features,120.0,0,0.607086192724899,0.4090909090909091,0.19799528363398994,22,22,False
5,fixed_horizon_240,cox_causal_features,120.0,1,0.9736287658575993,0.8181818181818182,0.15544694767578104,22,22,False
5,fixed_horizon_240,cox_causal_features,120.0,2,0.9999997098092098,0.9090909090909091,0.09090880071830076,22,22,False
5,fixed_horizon_240,cox_causal_features,240.0,0,0.6817159563350031,1.0,-0.31828404366499685,22,22,False
5,fixed_horizon_240,cox_causal_features,240.0,1,0.9895368463374902,1.0,-0.010463153662509828,22,22,False
5,fixed_horizon_240,cox_causal_features,240.0,2,0.9999999955366132,1.0,-4.463386771291766e-09,22,22,False
5,fixed_horizon_240,cox_context_only,30.0,0,0.3336126975929568,0.22727272727272727,0.10633997032022954,22,22,False
5,fixed_horizon_240,cox_context_only,30.0,1,0.3765490517972491,0.09090909090909091,0.28563996088815824,22,22,False
5,fixed_horizon_240,cox_context_only,30.0,2,0.415671395873094,0.3181818181818182,0.09748957769127581,22,22,False
5,fixed_horizon_240,cox_context_only,60.0,0,0.5350409823110263,0.5,0.03504098231102626,22,22,False
5,fixed_horizon_240,cox_context_only,60.0,1,0.5900149689612143,0.09090909090909091,0.49910587805212336,22,22,False
5,fixed_horizon_240,cox_context_only,60.0,2,0.6373061889130779,0.5909090909090909,0.04639709800398695,22,22,False
5,fixed_horizon_240,cox_context_only,120.0,0,0.7886338999500111,1.0,-0.2113661000499889,22,22,False
5,fixed_horizon_240,cox_context_only,120.0,1,0.8364241790919142,0.13636363636363635,0.7000605427282779,22,22,False
5,fixed_horizon_240,cox_context_only,120.0,2,0.8726433029772797,1.0,-0.12735669702272034,22,22,False
5,fixed_horizon_240,cox_context_only,240.0,0,0.8679161769407316,1.0,-0.13208382305926836,22,22,False
5,fixed_horizon_240,cox_context_only,240.0,1,0.9054025984002165,1.0,-0.09459740159978347,22,22,False
5,fixed_horizon_240,cox_context_only,240.0,2,0.9317349761243509,1.0,-0.06826502387564914,22,22,False
5,fixed_horizon_240,landmark_km_baseline,30.0,0,0.3250000000000002,0.21212121212121213,0.11287878787878805,66,66,False
5,fixed_horizon_240,landmark_km_baseline,60.0,0,0.5055555555555554,0.3939393939393939,0.1116161616161615,66,66,False
5,fixed_horizon_240,landmark_km_baseline,120.0,0,0.711111111111111,0.7121212121212122,-0.0010101010101011276,66,66,False
5,fixed_horizon_240,landmark_km_baseline,240.0,0,0.7777777777777777,1.0,-0.22222222222222232,66,66,False
5,fixed_horizon_240,random_survival_forest,30.0,0,0.2955029321943589,0.13636363636363635,0.15913929583072256,22,22,False
5,fixed_horizon_240,random_survival_forest,30.0,1,0.5904544721505292,0.045454545454545456,0.5449999266959837,22,22,False
5,fixed_horizon_240,random_survival_forest,30.0,2,0.7590331466142713,0.45454545454545453,0.3044876920688168,22,22,False
5,fixed_horizon_240,random_survival_forest,60.0,0,0.4595248368098533,0.09090909090909091,0.3686157459007624,22,22,False
5,fixed_horizon_240,random_survival_forest,60.0,1,0.7467232574228057,0.22727272727272727,0.5194505301500784,22,22,False
5,fixed_horizon_240,random_survival_forest,60.0,2,0.881180107557949,0.8636363636363636,0.01754374392158531,22,22,False
5,fixed_horizon_240,random_survival_forest,120.0,0,0.7141173770403301,0.2727272727272727,0.44139010431305736,22,22,False
5,fixed_horizon_240,random_survival_forest,120.0,1,0.9367977742204029,0.8636363636363636,0.07316141058403924,22,22,False
5,fixed_horizon_240,random_survival_forest,120.0,2,0.9801982216261043,1.0,-0.01980177837389574,22,22,False
5,fixed_horizon_240,random_survival_forest,240.0,0,0.8391329426716347,1.0,-0.16086705732836526,22,22,False
5,fixed_horizon_240,random_survival_forest,240.0,1,0.9820580832856155,1.0,-0.017941916714384498,22,22,False
5,fixed_horizon_240,random_survival_forest,240.0,2,0.99934595348623,1.0,-0.0006540465137699902,22,22,False
5,fixed_horizon_30,cox_causal_features,30.0,0,0.299970193875748,1.0,-0.700029806124252,22,4,True
5,fixed_horizon_30,cox_causal_features,30.0,1,0.5907804195580685,1.0,-0.4092195804419315,22,4,True
5,fixed_horizon_30,cox_causal_features,30.0,2,0.9748036662744082,1.0,-0.025196333725591824,22,6,True
5,fixed_horizon_30,cox_context_only,30.0,0,0.17141626828335327,1.0,-0.8285837317166467,22,5,True
5,fixed_horizon_30,cox_context_only,30.0,1,0.38120782223713034,1.0,-0.6187921777628697,22,7,True
5,fixed_horizon_30,cox_context_only,30.0,2,0.6052446548086546,1.0,-0.39475534519134536,22,2,True
5,fixed_horizon_30,landmark_km_baseline,30.0,0,0.3111111111111112,1.0,-0.6888888888888888,66,14,False
5,fixed_horizon_30,random_survival_forest,30.0,0,0.2111321201161087,1.0,-0.7888678798838913,22,3,True
5,fixed_horizon_30,random_survival_forest,30.0,1,0.5733502334247796,1.0,-0.42664976657522036,22,1,True
5,fixed_horizon_30,random_survival_forest,30.0,2,0.7945012580296258,1.0,-0.2054987419703742,22,10,False
5,fixed_horizon_60,cox_causal_features,30.0,0,0.11387789445819552,0.36363636363636365,-0.24975846917816813,22,22,False
5,fixed_horizon_60,cox_causal_features,30.0,1,0.40569945750739006,0.09090909090909091,0.3147903665982992,22,22,False
5,fixed_horizon_60,cox_causal_features,30.0,2,0.9813833635543151,0.18181818181818182,0.7995651817361333,22,22,False
5,fixed_horizon_60,cox_causal_features,60.0,0,0.22718704604033169,1.0,-0.7728129539596683,22,10,False
5,fixed_horizon_60,cox_causal_features,60.0,1,0.6398379693747049,1.0,-0.36016203062529506,22,4,True
5,fixed_horizon_60,cox_causal_features,60.0,2,0.9990790865029624,1.0,-0.000920913497037601,22,12,False
5,fixed_horizon_60,cox_context_only,30.0,0,0.2519409864493165,0.22727272727272727,0.02466825917658924,22,22,False
5,fixed_horizon_60,cox_context_only,30.0,1,0.37153974143092067,0.22727272727272727,0.1442670141581934,22,22,False
5,fixed_horizon_60,cox_context_only,30.0,2,0.45449406416145516,0.18181818181818182,0.27267588234327333,22,22,False
5,fixed_horizon_60,cox_context_only,60.0,0,0.4296728185340919,1.0,-0.5703271814659081,22,11,False
5,fixed_horizon_60,cox_context_only,60.0,1,0.5932366887044446,1.0,-0.40676331129555543,22,7,True
5,fixed_horizon_60,cox_context_only,60.0,2,0.6907866651913024,1.0,-0.3092133348086976,22,8,True
5,fixed_horizon_60,landmark_km_baseline,30.0,0,0.3111111111111112,0.21212121212121213,0.0989898989898991,66,66,False
5,fixed_horizon_60,landmark_km_baseline,60.0,0,0.4888888888888889,1.0,-0.5111111111111111,66,26,False
5,fixed_horizon_60,random_survival_forest,30.0,0,0.2214150558737007,0.13636363636363635,0.08505141951006434,22,22,False
5,fixed_horizon_60,random_survival_forest,30.0,1,0.5573449033422128,0.045454545454545456,0.5118903578876673,22,22,False
5,fixed_horizon_60,random_survival_forest,30.0,2,0.7855409374850972,0.45454545454545453,0.3309954829396427,22,22,False
5,fixed_horizon_60,random_survival_forest,60.0,0,0.4292801413251897,1.0,-0.5707198586748103,22,3,True
5,fixed_horizon_60,random_survival_forest,60.0,1,0.7462634311228576,1.0,-0.25373656887714235,22,6,True
5,fixed_horizon_60,random_survival_forest,60.0,2,0.8989155519212708,1.0,-0.10108444807872918,22,17,False
5,full_event,cox_causal_features,60.0,0,0.13184948553475878,0.45454545454545453,-0.32269596901069575,22,22,False
5,full_event,cox_causal_features,60.0,1,0.34814727559666364,0.22727272727272727,0.12087454832393638,22,22,False
5,full_event,cox_causal_features,60.0,2,0.777757394084209,0.5,0.27775739408420896,22,22,False
5,full_event,cox_causal_features,120.0,0,0.2672300118998568,0.9090909090909091,-0.6418608971910522,22,22,False
5,full_event,cox_causal_features,120.0,1,0.6314278341358425,0.5,0.13142783413584247,22,22,False
5,full_event,cox_causal_features,120.0,2,0.9448778380780859,0.7272727272727273,0.2176051108053586,22,22,False
5,full_event,cox_causal_features,240.0,0,0.34879607848968763,1.0,-0.6512039215103124,22,22,False
5,full_event,cox_causal_features,240.0,1,0.7678148611839706,1.0,-0.23218513881602942,22,22,False
5,full_event,cox_causal_features,240.0,2,0.9810243744012013,1.0,-0.01897562559879873,22,22,False
5,full_event,cox_context_only,60.0,0,0.5439358331882294,0.0,0.5439358331882294,22,22,False
5,full_event,cox_context_only,60.0,1,0.5553550307995287,0.5,0.05535503079952875,22,22,False
5,full_event,cox_context_only,60.0,2,0.5815646629533048,0.6818181818181818,-0.10025351886487699,22,22,False
5,full_event,cox_context_only,120.0,0,0.7708634507997151,0.13636363636363635,0.6344998144360787,22,22,False
5,full_event,cox_context_only,120.0,1,0.781413603210339,1.0,-0.21858639678966096,22,22,False
5,full_event,cox_context_only,120.0,2,0.804827592232229,1.0,-0.195172407767771,22,22,False
5,full_event,cox_context_only,240.0,0,0.8715548412804559,1.0,-0.1284451587195441,22,22,False
5,full_event,cox_context_only,240.0,1,0.8798068918640414,1.0,-0.12019310813595863,22,22,False
5,full_event,cox_context_only,240.0,2,0.8976158917406405,1.0,-0.10238410825935951,22,22,False
5,full_event,landmark_km_baseline,60.0,0,0.4936898088256432,0.3939393939393939,0.09975041488624925,66,66,False
5,full_event,landmark_km_baseline,120.0,0,0.6873077475923531,0.7121212121212122,-0.02481346452885902,66,66,False
5,full_event,landmark_km_baseline,240.0,0,0.7777777777777777,1.0,-0.22222222222222232,66,66,False
5,full_event,random_survival_forest,60.0,0,0.39618376749577455,0.09090909090909091,0.3052746765866836,22,22,False
5,full_event,random_survival_forest,60.0,1,0.7083016722738238,0.36363636363636365,0.34466530863746014,22,22,False
5,full_event,random_survival_forest,60.0,2,0.8885546841925773,0.7272727272727273,0.16128195691985003,22,22,False
5,full_event,random_survival_forest,120.0,0,0.6454029255180734,0.3181818181818182,0.32722110733625526,22,22,False
5,full_event,random_survival_forest,120.0,1,0.8863898886867734,0.9090909090909091,-0.022701020404135686,22,22,False
5,full_event,random_survival_forest,120.0,2,0.9710240503921742,0.9090909090909091,0.06193314130126515,22,22,False
5,full_event,random_survival_forest,240.0,0,0.760417093381627,1.0,-0.239582906618373,22,22,False
5,full_event,random_survival_forest,240.0,1,0.9357948139108906,1.0,-0.06420518608910941,22,22,False
5,full_event,random_survival_forest,240.0,2,0.995582484211447,1.0,-0.004417515788552984,22,22,False
5,target_censoring_25,cox_causal_features,30.0,0,0.15482761138946166,0.2727272727272727,-0.11789966133781105,22,22,False
5,target_censoring_25,cox_causal_features,30.0,1,0.509646719220456,0.09090909090909091,0.4187376283113651,22,22,False
5,target_censoring_25,cox_causal_features,30.0,2,0.9967714542631892,0.2727272727272727,0.7240441815359165,22,22,False
5,target_censoring_25,cox_causal_features,60.0,0,0.31065105471719595,0.2727272727272727,0.037923781989923244,22,22,False
5,target_censoring_25,cox_causal_features,60.0,1,0.7637294599077952,0.18181818181818182,0.5819112780896134,22,22,False
5,target_censoring_25,cox_causal_features,60.0,2,0.9999957319750243,0.7272727272727273,0.27272300470229704,22,22,False
5,target_censoring_25,cox_causal_features,120.0,0,0.5780280470272582,0.5,0.07802804702725818,22,22,False
5,target_censoring_25,cox_causal_features,120.0,1,0.9492964403649998,0.6363636363636364,0.3129328040013635,22,22,False
5,target_censoring_25,cox_causal_features,120.0,2,0.9999999999967689,1.0,-3.231082068566593e-12,22,22,False
5,target_censoring_25,cox_causal_features,240.0,0,0.6623307410285315,1.0,-0.3376692589714685,22,22,False
5,target_censoring_25,cox_causal_features,240.0,1,0.9761951209303903,1.0,-0.023804879069609708,22,22,False
5,target_censoring_25,cox_causal_features,240.0,2,0.9999999999999996,1.0,-4.440892098500626e-16,22,22,False
5,target_censoring_25,cox_context_only,30.0,0,0.35288456178909594,0.0,0.35288456178909594,22,22,False
5,target_censoring_25,cox_context_only,30.0,1,0.36177871066432105,0.22727272727272727,0.13450598339159378,22,22,False
5,target_censoring_25,cox_context_only,30.0,2,0.38252183978372495,0.4090909090909091,-0.026569069307184168,22,22,False
5,target_censoring_25,cox_context_only,60.0,0,0.5531620926979716,0.0,0.5531620926979716,22,22,False
5,target_censoring_25,cox_context_only,60.0,1,0.5646897558658167,0.5,0.06468975586581671,22,22,False
5,target_censoring_25,cox_context_only,60.0,2,0.5911303771962196,0.6818181818181818,-0.09068780462196213,22,22,False
5,target_censoring_25,cox_context_only,120.0,0,0.7976544356893792,0.13636363636363635,0.6612907993257429,22,22,False
5,target_censoring_25,cox_context_only,120.0,1,0.8078642409523582,1.0,-0.1921357590476418,22,22,False
5,target_censoring_25,cox_context_only,120.0,2,0.8303927862157632,1.0,-0.16960721378423682,22,22,False
5,target_censoring_25,cox_context_only,240.0,0,0.8715548412804559,1.0,-0.1284451587195441,22,22,False
5,target_censoring_25,cox_context_only,240.0,1,0.8798068918640414,1.0,-0.12019310813595863,22,22,False
5,target_censoring_25,cox_context_only,240.0,2,0.8976158917406405,1.0,-0.10238410825935951,22,22,False
5,target_censoring_25,landmark_km_baseline,30.0,0,0.3225130890052356,0.21212121212121213,0.1103918768840235,66,66,False
5,target_censoring_25,landmark_km_baseline,60.0,0,0.502152414194299,0.3939393939393939,0.10821302025490509,66,66,False
5,target_censoring_25,landmark_km_baseline,120.0,0,0.7097149505526469,0.7121212121212122,-0.002406261568565271,66,66,False
5,target_censoring_25,landmark_km_baseline,240.0,0,0.7777777777777777,1.0,-0.22222222222222232,66,66,False
5,target_censoring_25,random_survival_forest,30.0,0,0.27579719742828535,0.09090909090909091,0.18488810651919443,22,22,False
5,target_censoring_25,random_survival_forest,30.0,1,0.4364361258172837,0.09090909090909091,0.3455270349081928,22,22,False
5,target_censoring_25,random_survival_forest,30.0,2,0.6592936859206713,0.45454545454545453,0.20474823137521675,22,22,False
5,target_censoring_25,random_survival_forest,60.0,0,0.450129904823077,0.09090909090909091,0.3592208139139861,22,22,False
5,target_censoring_25,random_survival_forest,60.0,1,0.620056622165393,0.3181818181818182,0.30187480398357486,22,22,False
5,target_censoring_25,random_survival_forest,60.0,2,0.8223732655045559,0.7727272727272727,0.04964599277728321,22,22,False
5,target_censoring_25,random_survival_forest,120.0,0,0.696075161688767,0.36363636363636365,0.3324387980524034,22,22,False
5,target_censoring_25,random_survival_forest,120.0,1,0.8487158308686613,0.8181818181818182,0.03053401268684308,22,22,False
5,target_censoring_25,random_survival_forest,120.0,2,0.9601569525193235,0.9545454545454546,0.005611497973868951,22,22,False
5,target_censoring_25,random_survival_forest,240.0,0,0.7946163108058276,1.0,-0.20538368919417238,22,22,False
5,target_censoring_25,random_survival_forest,240.0,1,0.9113780151246331,1.0,-0.08862198487536688,22,22,False
5,target_censoring_25,random_survival_forest,240.0,2,0.9929079906251388,1.0,-0.007092009374861208,22,22,False
5,target_censoring_50,cox_causal_features,30.0,0,0.1399400822133797,0.3181818181818182,-0.17824173596843848,22,22,False
5,target_censoring_50,cox_causal_features,30.0,1,0.441931197916305,0.13636363636363635,0.3055675615526686,22,22,False
5,target_censoring_50,cox_causal_features,30.0,2,0.9552802484781736,0.18181818181818182,0.7734620666599918,22,22,False
5,target_censoring_50,cox_causal_features,60.0,0,0.25789416223686773,0.4090909090909091,-0.1511967468540414,22,22,False
5,target_censoring_50,cox_causal_features,60.0,1,0.6766541525923606,0.13636363636363635,0.5402905162287243,22,22,False
5,target_censoring_50,cox_causal_features,60.0,2,0.9943431963522937,0.6363636363636364,0.3579795599886574,22,22,False
5,target_censoring_50,cox_causal_features,120.0,0,0.5048486971885674,0.5,0.004848697188567397,22,22,False
5,target_censoring_50,cox_causal_features,120.0,1,0.9177693378585907,0.7727272727272727,0.145042065131318,22,22,False
5,target_censoring_50,cox_causal_features,120.0,2,0.9999670219655887,0.8636363636363636,0.13633065832922509,22,22,False
5,target_censoring_50,cox_context_only,30.0,0,0.33290526087909034,0.22727272727272727,0.10563253360636307,22,22,False
5,target_censoring_50,cox_context_only,30.0,1,0.3755342598345975,0.09090909090909091,0.2846251689255066,22,22,False
5,target_censoring_50,cox_context_only,30.0,2,0.4143325428881916,0.3181818181818182,0.09615072470637342,22,22,False
5,target_censoring_50,cox_context_only,60.0,0,0.518005272370038,0.5,0.018005272370038017,22,22,False
5,target_censoring_50,cox_context_only,60.0,1,0.5726481857750876,0.09090909090909091,0.48173909486599664,22,22,False
5,target_censoring_50,cox_context_only,60.0,2,0.619948546827461,0.5909090909090909,0.029039455918370094,22,22,False
5,target_censoring_50,cox_context_only,120.0,0,0.7886338999500111,1.0,-0.2113661000499889,22,22,False
5,target_censoring_50,cox_context_only,120.0,1,0.8364241790919142,0.13636363636363635,0.7000605427282779,22,22,False
5,target_censoring_50,cox_context_only,120.0,2,0.8726433029772797,1.0,-0.12735669702272034,22,22,False
5,target_censoring_50,landmark_km_baseline,30.0,0,0.3244141364940196,0.21212121212121213,0.1122929243728075,66,66,False
5,target_censoring_50,landmark_km_baseline,60.0,0,0.49067489311035345,0.3939393939393939,0.09673549917095953,66,66,False
5,target_censoring_50,landmark_km_baseline,120.0,0,0.711111111111111,0.7121212121212122,-0.0010101010101011276,66,66,False
5,target_censoring_50,random_survival_forest,30.0,0,0.2877665793278296,0.09090909090909091,0.1968574884187387,22,22,False
5,target_censoring_50,random_survival_forest,30.0,1,0.5117914008732775,0.09090909090909091,0.4208823099641865,22,22,False
5,target_censoring_50,random_survival_forest,30.0,2,0.7015726761350248,0.45454545454545453,0.2470272215895703,22,22,False
5,target_censoring_50,random_survival_forest,60.0,0,0.45332349507760306,0.09090909090909091,0.3624144041685121,22,22,False
5,target_censoring_50,random_survival_forest,60.0,1,0.6780287772059119,0.2727272727272727,0.4053015044786392,22,22,False
5,target_censoring_50,random_survival_forest,60.0,2,0.842856279526664,0.8181818181818182,0.024674461344845744,22,22,False
5,target_censoring_50,random_survival_forest,120.0,0,0.716176975748164,0.2727272727272727,0.44344970302089126,22,22,False
5,target_censoring_50,random_survival_forest,120.0,1,0.9175317581128831,0.8636363636363636,0.053895394476519476,22,22,False
5,target_censoring_50,random_survival_forest,120.0,2,0.972479102947467,1.0,-0.027520897052533022,22,22,False
5,target_censoring_75,cox_causal_features,30.0,0,0.13121149425277548,0.3181818181818182,-0.1869703239290427,22,22,False
5,target_censoring_75,cox_causal_features,30.0,1,0.38624836282927466,0.13636363636363635,0.2498847264656383,22,22,False
5,target_censoring_75,cox_causal_features,30.0,2,0.8736863536660827,0.18181818181818182,0.691868171847901,22,22,False
5,target_censoring_75,cox_causal_features,60.0,0,0.24407822184721265,0.4090909090909091,-0.16501268724369647,22,22,False
5,target_censoring_75,cox_causal_features,60.0,1,0.6238621573929595,0.2727272727272727,0.35113488466568676,22,22,False
5,target_censoring_75,cox_causal_features,60.0,2,0.9600334399790197,0.5,0.4600334399790197,22,22,False
5,target_censoring_75,cox_context_only,30.0,0,0.28461930739456576,0.22727272727272727,0.05734658012183849,22,22,False
5,target_censoring_75,cox_context_only,30.0,1,0.3892281197864913,0.22727272727272727,0.16195539251376403,22,22,False
5,target_censoring_75,cox_context_only,30.0,2,0.4640780094296796,0.18181818181818182,0.28225982761149776,22,22,False
5,target_censoring_75,cox_context_only,60.0,0,0.4593830285629428,0.5,-0.040616971437057225,22,22,False
5,target_censoring_75,cox_context_only,60.0,1,0.5957693481965773,0.22727272727272727,0.36849662092385005,22,22,False
5,target_censoring_75,cox_context_only,60.0,2,0.68214438327538,0.45454545454545453,0.22759892872992543,22,22,False
5,target_censoring_75,landmark_km_baseline,30.0,0,0.32253968253968257,0.21212121212121213,0.11041847041847044,66,66,False
5,target_censoring_75,landmark_km_baseline,60.0,0,0.4888888888888889,0.3939393939393939,0.09494949494949495,66,66,False
5,target_censoring_75,random_survival_forest,30.0,0,0.2414923598900357,0.13636363636363635,0.10512872352639935,22,22,False
5,target_censoring_75,random_survival_forest,30.0,1,0.5909816685789365,0.045454545454545456,0.5455271231243911,22,22,False
5,target_censoring_75,random_survival_forest,30.0,2,0.7839094085271824,0.45454545454545453,0.32936395398172785,22,22,False
5,target_censoring_75,random_survival_forest,60.0,0,0.433067001459307,0.13636363636363635,0.29670336509567063,22,22,False
5,target_censoring_75,random_survival_forest,60.0,1,0.7488614686408248,0.18181818181818182,0.5670432868226429,22,22,False
5,target_censoring_75,random_survival_forest,60.0,2,0.879520739910353,0.8636363636363636,0.01588437627398931,22,22,False
