fold,scenario,model,bearing_id,requested_horizon_minutes,actual_evaluation_time,brier_score,supported,scoring_unit,inferential_unit
1,fixed_horizon_120,cox_causal_features,Bearing1_1,30.0,28.958333333333336,0.14972091928424286,True,landmark within bearing,bearing
1,fixed_horizon_120,cox_causal_features,Bearing1_1,60.0,57.708333333333336,0.18258382024248118,True,landmark within bearing,bearing
1,fixed_horizon_120,cox_causal_features,Bearing1_1,120.0,,,False,landmark within bearing,bearing
1,fixed_horizon_120,cox_causal_features,Bearing1_1,240.0,,,False,landmark within bearing,bearing
1,fixed_horizon_120,cox_causal_features,Bearing2_1,30.0,28.958333333333336,0.2524537564620852,True,landmark within bearing,bearing
1,fixed_horizon_120,cox_causal_features,Bearing2_1,60.0,,,False,landmark within bearing,bearing
1,fixed_horizon_120,cox_causal_features,Bearing2_1,120.0,,,False,landmark within bearing,bearing
1,fixed_horizon_120,cox_causal_features,Bearing2_1,240.0,,,False,landmark within bearing,bearing
1,fixed_horizon_120,cox_causal_features,Bearing3_1,30.0,28.958333333333336,0.15105878628867564,True,landmark within bearing,bearing
1,fixed_horizon_120,cox_causal_features,Bearing3_1,60.0,57.708333333333336,0.26304664070051514,True,landmark within bearing,bearing
1,fixed_horizon_120,cox_causal_features,Bearing3_1,120.0,,,False,landmark within bearing,bearing
1,fixed_horizon_120,cox_causal_features,Bearing3_1,240.0,,,False,landmark within bearing,bearing
1,fixed_horizon_120,cox_context_only,Bearing1_1,30.0,28.958333333333336,0.25494873339866425,True,landmark within bearing,bearing
1,fixed_horizon_120,cox_context_only,Bearing1_1,60.0,57.708333333333336,0.29906740201503423,True,landmark within bearing,bearing
1,fixed_horizon_120,cox_context_only,Bearing1_1,120.0,,,False,landmark within bearing,bearing
1,fixed_horizon_120,cox_context_only,Bearing1_1,240.0,,,False,landmark within bearing,bearing
1,fixed_horizon_120,cox_context_only,Bearing2_1,30.0,28.958333333333336,0.29703295575251,True,landmark within bearing,bearing
1,fixed_horizon_120,cox_context_only,Bearing2_1,60.0,,,False,landmark within bearing,bearing
1,fixed_horizon_120,cox_context_only,Bearing2_1,120.0,,,False,landmark within bearing,bearing
1,fixed_horizon_120,cox_context_only,Bearing2_1,240.0,,,False,landmark within bearing,bearing
1,fixed_horizon_120,cox_context_only,Bearing3_1,30.0,28.958333333333336,0.11656160224748738,True,landmark within bearing,bearing
1,fixed_horizon_120,cox_context_only,Bearing3_1,60.0,57.708333333333336,0.21040049670600194,True,landmark within bearing,bearing
1,fixed_horizon_120,cox_context_only,Bearing3_1,120.0,,,False,landmark within bearing,bearing
1,fixed_horizon_120,cox_context_only,Bearing3_1,240.0,,,False,landmark within bearing,bearing
1,fixed_horizon_120,landmark_km_baseline,Bearing1_1,30.0,28.958333333333336,0.26796737213403876,True,landmark within bearing,bearing
1,fixed_horizon_120,landmark_km_baseline,Bearing1_1,60.0,57.708333333333336,0.3099647266313933,True,landmark within bearing,bearing
1,fixed_horizon_120,landmark_km_baseline,Bearing1_1,120.0,,,False,landmark within bearing,bearing
1,fixed_horizon_120,landmark_km_baseline,Bearing1_1,240.0,,,False,landmark within bearing,bearing
1,fixed_horizon_120,landmark_km_baseline,Bearing2_1,30.0,28.958333333333336,0.24151234567901236,True,landmark within bearing,bearing
1,fixed_horizon_120,landmark_km_baseline,Bearing2_1,60.0,,,False,landmark within bearing,bearing
1,fixed_horizon_120,landmark_km_baseline,Bearing2_1,120.0,,,False,landmark within bearing,bearing
1,fixed_horizon_120,landmark_km_baseline,Bearing2_1,240.0,,,False,landmark within bearing,bearing
1,fixed_horizon_120,landmark_km_baseline,Bearing3_1,30.0,28.958333333333336,0.2712394411955815,True,landmark within bearing,bearing
1,fixed_horizon_120,landmark_km_baseline,Bearing3_1,60.0,57.708333333333336,0.40464587394411944,True,landmark within bearing,bearing
1,fixed_horizon_120,landmark_km_baseline,Bearing3_1,120.0,,,False,landmark within bearing,bearing
1,fixed_horizon_120,landmark_km_baseline,Bearing3_1,240.0,,,False,landmark within bearing,bearing
1,fixed_horizon_120,random_survival_forest,Bearing1_1,30.0,28.958333333333336,0.2177458830187287,True,landmark within bearing,bearing
1,fixed_horizon_120,random_survival_forest,Bearing1_1,60.0,57.708333333333336,0.2826042966200589,True,landmark within bearing,bearing
1,fixed_horizon_120,random_survival_forest,Bearing1_1,120.0,,,False,landmark within bearing,bearing
1,fixed_horizon_120,random_survival_forest,Bearing1_1,240.0,,,False,landmark within bearing,bearing
1,fixed_horizon_120,random_survival_forest,Bearing2_1,30.0,28.958333333333336,0.4017421967917432,True,landmark within bearing,bearing
1,fixed_horizon_120,random_survival_forest,Bearing2_1,60.0,,,False,landmark within bearing,bearing
1,fixed_horizon_120,random_survival_forest,Bearing2_1,120.0,,,False,landmark within bearing,bearing
1,fixed_horizon_120,random_survival_forest,Bearing2_1,240.0,,,False,landmark within bearing,bearing
1,fixed_horizon_120,random_survival_forest,Bearing3_1,30.0,28.958333333333336,0.12844847218555838,True,landmark within bearing,bearing
1,fixed_horizon_120,random_survival_forest,Bearing3_1,60.0,57.708333333333336,0.23159438243984698,True,landmark within bearing,bearing
1,fixed_horizon_120,random_survival_forest,Bearing3_1,120.0,,,False,landmark within bearing,bearing
1,fixed_horizon_120,random_survival_forest,Bearing3_1,240.0,,,False,landmark within bearing,bearing
1,fixed_horizon_240,cox_causal_features,Bearing1_1,30.0,28.799999999999997,0.159897524592882,True,landmark within bearing,bearing
1,fixed_horizon_240,cox_causal_features,Bearing1_1,60.0,57.6,0.17273656699259113,True,landmark within bearing,bearing
1,fixed_horizon_240,cox_causal_features,Bearing1_1,120.0,,,False,landmark within bearing,bearing
1,fixed_horizon_240,cox_causal_features,Bearing1_1,240.0,,,False,landmark within bearing,bearing
1,fixed_horizon_240,cox_causal_features,Bearing2_1,30.0,28.799999999999997,0.2239623064763876,True,landmark within bearing,bearing
1,fixed_horizon_240,cox_causal_features,Bearing2_1,60.0,,,False,landmark within bearing,bearing
1,fixed_horizon_240,cox_causal_features,Bearing2_1,120.0,,,False,landmark within bearing,bearing
1,fixed_horizon_240,cox_causal_features,Bearing2_1,240.0,,,False,landmark within bearing,bearing
1,fixed_horizon_240,cox_causal_features,Bearing3_1,30.0,28.799999999999997,0.14817508932945586,True,landmark within bearing,bearing
1,fixed_horizon_240,cox_causal_features,Bearing3_1,60.0,57.6,0.2614082227794771,True,landmark within bearing,bearing
1,fixed_horizon_240,cox_causal_features,Bearing3_1,120.0,124.79999999999998,0.2022520559999241,True,landmark within bearing,bearing
1,fixed_horizon_240,cox_causal_features,Bearing3_1,240.0,,,False,landmark within bearing,bearing
1,fixed_horizon_240,cox_context_only,Bearing1_1,30.0,28.799999999999997,0.27152099790512346,True,landmark within bearing,bearing
1,fixed_horizon_240,cox_context_only,Bearing1_1,60.0,57.6,0.31226826636860583,True,landmark within bearing,bearing
1,fixed_horizon_240,cox_context_only,Bearing1_1,120.0,,,False,landmark within bearing,bearing
1,fixed_horizon_240,cox_context_only,Bearing1_1,240.0,,,False,landmark within bearing,bearing
1,fixed_horizon_240,cox_context_only,Bearing2_1,30.0,28.799999999999997,0.30076105422390614,True,landmark within bearing,bearing
1,fixed_horizon_240,cox_context_only,Bearing2_1,60.0,,,False,landmark within bearing,bearing
1,fixed_horizon_240,cox_context_only,Bearing2_1,120.0,,,False,landmark within bearing,bearing
1,fixed_horizon_240,cox_context_only,Bearing2_1,240.0,,,False,landmark within bearing,bearing
1,fixed_horizon_240,cox_context_only,Bearing3_1,30.0,28.799999999999997,0.11912440194867224,True,landmark within bearing,bearing
1,fixed_horizon_240,cox_context_only,Bearing3_1,60.0,57.6,0.21967044395064855,True,landmark within bearing,bearing
1,fixed_horizon_240,cox_context_only,Bearing3_1,120.0,124.79999999999998,0.47691212059569904,True,landmark within bearing,bearing
1,fixed_horizon_240,cox_context_only,Bearing3_1,240.0,,,False,landmark within bearing,bearing
1,fixed_horizon_240,landmark_km_baseline,Bearing1_1,30.0,28.799999999999997,0.26796737213403876,True,landmark within bearing,bearing
1,fixed_horizon_240,landmark_km_baseline,Bearing1_1,60.0,57.6,0.3099647266313933,True,landmark within bearing,bearing
1,fixed_horizon_240,landmark_km_baseline,Bearing1_1,120.0,,,False,landmark within bearing,bearing
1,fixed_horizon_240,landmark_km_baseline,Bearing1_1,240.0,,,False,landmark within bearing,bearing
1,fixed_horizon_240,landmark_km_baseline,Bearing2_1,30.0,28.799999999999997,0.24151234567901236,True,landmark within bearing,bearing
1,fixed_horizon_240,landmark_km_baseline,Bearing2_1,60.0,,,False,landmark within bearing,bearing
1,fixed_horizon_240,landmark_km_baseline,Bearing2_1,120.0,,,False,landmark within bearing,bearing
1,fixed_horizon_240,landmark_km_baseline,Bearing2_1,240.0,,,False,landmark within bearing,bearing
1,fixed_horizon_240,landmark_km_baseline,Bearing3_1,30.0,28.799999999999997,0.2712394411955815,True,landmark within bearing,bearing
1,fixed_horizon_240,landmark_km_baseline,Bearing3_1,60.0,57.6,0.40464587394411944,True,landmark within bearing,bearing
1,fixed_horizon_240,landmark_km_baseline,Bearing3_1,120.0,124.79999999999998,0.2733918128654972,True,landmark within bearing,bearing
1,fixed_horizon_240,landmark_km_baseline,Bearing3_1,240.0,,,False,landmark within bearing,bearing
1,fixed_horizon_240,random_survival_forest,Bearing1_1,30.0,28.799999999999997,0.26262927088763444,True,landmark within bearing,bearing
1,fixed_horizon_240,random_survival_forest,Bearing1_1,60.0,57.6,0.3301336281236283,True,landmark within bearing,bearing
1,fixed_horizon_240,random_survival_forest,Bearing1_1,120.0,,,False,landmark within bearing,bearing
1,fixed_horizon_240,random_survival_forest,Bearing1_1,240.0,,,False,landmark within bearing,bearing
1,fixed_horizon_240,random_survival_forest,Bearing2_1,30.0,28.799999999999997,0.3856489445955651,True,landmark within bearing,bearing
1,fixed_horizon_240,random_survival_forest,Bearing2_1,60.0,,,False,landmark within bearing,bearing
1,fixed_horizon_240,random_survival_forest,Bearing2_1,120.0,,,False,landmark within bearing,bearing
1,fixed_horizon_240,random_survival_forest,Bearing2_1,240.0,,,False,landmark within bearing,bearing
1,fixed_horizon_240,random_survival_forest,Bearing3_1,30.0,28.799999999999997,0.1356908871307052,True,landmark within bearing,bearing
1,fixed_horizon_240,random_survival_forest,Bearing3_1,60.0,57.6,0.2611665034782556,True,landmark within bearing,bearing
1,fixed_horizon_240,random_survival_forest,Bearing3_1,120.0,124.79999999999998,0.2590382939053793,True,landmark within bearing,bearing
1,fixed_horizon_240,random_survival_forest,Bearing3_1,240.0,,,False,landmark within bearing,bearing
1,fixed_horizon_30,cox_causal_features,Bearing1_1,30.0,,,False,landmark within bearing,bearing
1,fixed_horizon_30,cox_causal_features,Bearing1_1,60.0,,,False,landmark within bearing,bearing
1,fixed_horizon_30,cox_causal_features,Bearing1_1,120.0,,,False,landmark within bearing,bearing
1,fixed_horizon_30,cox_causal_features,Bearing1_1,240.0,,,False,landmark within bearing,bearing
1,fixed_horizon_30,cox_causal_features,Bearing2_1,30.0,,,False,landmark within bearing,bearing
1,fixed_horizon_30,cox_causal_features,Bearing2_1,60.0,,,False,landmark within bearing,bearing
1,fixed_horizon_30,cox_causal_features,Bearing2_1,120.0,,,False,landmark within bearing,bearing
1,fixed_horizon_30,cox_causal_features,Bearing2_1,240.0,,,False,landmark within bearing,bearing
1,fixed_horizon_30,cox_causal_features,Bearing3_1,30.0,,,False,landmark within bearing,bearing
1,fixed_horizon_30,cox_causal_features,Bearing3_1,60.0,,,False,landmark within bearing,bearing
1,fixed_horizon_30,cox_causal_features,Bearing3_1,120.0,,,False,landmark within bearing,bearing
1,fixed_horizon_30,cox_causal_features,Bearing3_1,240.0,,,False,landmark within bearing,bearing
1,fixed_horizon_30,cox_context_only,Bearing1_1,30.0,,,False,landmark within bearing,bearing
1,fixed_horizon_30,cox_context_only,Bearing1_1,60.0,,,False,landmark within bearing,bearing
1,fixed_horizon_30,cox_context_only,Bearing1_1,120.0,,,False,landmark within bearing,bearing
1,fixed_horizon_30,cox_context_only,Bearing1_1,240.0,,,False,landmark within bearing,bearing
1,fixed_horizon_30,cox_context_only,Bearing2_1,30.0,,,False,landmark within bearing,bearing
1,fixed_horizon_30,cox_context_only,Bearing2_1,60.0,,,False,landmark within bearing,bearing
1,fixed_horizon_30,cox_context_only,Bearing2_1,120.0,,,False,landmark within bearing,bearing
1,fixed_horizon_30,cox_context_only,Bearing2_1,240.0,,,False,landmark within bearing,bearing
1,fixed_horizon_30,cox_context_only,Bearing3_1,30.0,,,False,landmark within bearing,bearing
1,fixed_horizon_30,cox_context_only,Bearing3_1,60.0,,,False,landmark within bearing,bearing
1,fixed_horizon_30,cox_context_only,Bearing3_1,120.0,,,False,landmark within bearing,bearing
1,fixed_horizon_30,cox_context_only,Bearing3_1,240.0,,,False,landmark within bearing,bearing
1,fixed_horizon_30,landmark_km_baseline,Bearing1_1,30.0,,,False,landmark within bearing,bearing
1,fixed_horizon_30,landmark_km_baseline,Bearing1_1,60.0,,,False,landmark within bearing,bearing
1,fixed_horizon_30,landmark_km_baseline,Bearing1_1,120.0,,,False,landmark within bearing,bearing
1,fixed_horizon_30,landmark_km_baseline,Bearing1_1,240.0,,,False,landmark within bearing,bearing
1,fixed_horizon_30,landmark_km_baseline,Bearing2_1,30.0,,,False,landmark within bearing,bearing
1,fixed_horizon_30,landmark_km_baseline,Bearing2_1,60.0,,,False,landmark within bearing,bearing
1,fixed_horizon_30,landmark_km_baseline,Bearing2_1,120.0,,,False,landmark within bearing,bearing
1,fixed_horizon_30,landmark_km_baseline,Bearing2_1,240.0,,,False,landmark within bearing,bearing
1,fixed_horizon_30,landmark_km_baseline,Bearing3_1,30.0,,,False,landmark within bearing,bearing
1,fixed_horizon_30,landmark_km_baseline,Bearing3_1,60.0,,,False,landmark within bearing,bearing
1,fixed_horizon_30,landmark_km_baseline,Bearing3_1,120.0,,,False,landmark within bearing,bearing
1,fixed_horizon_30,landmark_km_baseline,Bearing3_1,240.0,,,False,landmark within bearing,bearing
1,fixed_horizon_30,random_survival_forest,Bearing1_1,30.0,,,False,landmark within bearing,bearing
1,fixed_horizon_30,random_survival_forest,Bearing1_1,60.0,,,False,landmark within bearing,bearing
1,fixed_horizon_30,random_survival_forest,Bearing1_1,120.0,,,False,landmark within bearing,bearing
1,fixed_horizon_30,random_survival_forest,Bearing1_1,240.0,,,False,landmark within bearing,bearing
1,fixed_horizon_30,random_survival_forest,Bearing2_1,30.0,,,False,landmark within bearing,bearing
1,fixed_horizon_30,random_survival_forest,Bearing2_1,60.0,,,False,landmark within bearing,bearing
1,fixed_horizon_30,random_survival_forest,Bearing2_1,120.0,,,False,landmark within bearing,bearing
1,fixed_horizon_30,random_survival_forest,Bearing2_1,240.0,,,False,landmark within bearing,bearing
1,fixed_horizon_30,random_survival_forest,Bearing3_1,30.0,,,False,landmark within bearing,bearing
1,fixed_horizon_30,random_survival_forest,Bearing3_1,60.0,,,False,landmark within bearing,bearing
1,fixed_horizon_30,random_survival_forest,Bearing3_1,120.0,,,False,landmark within bearing,bearing
1,fixed_horizon_30,random_survival_forest,Bearing3_1,240.0,,,False,landmark within bearing,bearing
1,fixed_horizon_60,cox_causal_features,Bearing1_1,30.0,30.208333333333332,0.12903872915820352,True,landmark within bearing,bearing
1,fixed_horizon_60,cox_causal_features,Bearing1_1,60.0,,,False,landmark within bearing,bearing
1,fixed_horizon_60,cox_causal_features,Bearing1_1,120.0,,,False,landmark within bearing,bearing
1,fixed_horizon_60,cox_causal_features,Bearing1_1,240.0,,,False,landmark within bearing,bearing
1,fixed_horizon_60,cox_causal_features,Bearing2_1,30.0,30.208333333333332,0.4128568502308721,True,landmark within bearing,bearing
1,fixed_horizon_60,cox_causal_features,Bearing2_1,60.0,,,False,landmark within bearing,bearing
1,fixed_horizon_60,cox_causal_features,Bearing2_1,120.0,,,False,landmark within bearing,bearing
1,fixed_horizon_60,cox_causal_features,Bearing2_1,240.0,,,False,landmark within bearing,bearing
1,fixed_horizon_60,cox_causal_features,Bearing3_1,30.0,30.208333333333332,0.1289894154355132,True,landmark within bearing,bearing
1,fixed_horizon_60,cox_causal_features,Bearing3_1,60.0,,,False,landmark within bearing,bearing
1,fixed_horizon_60,cox_causal_features,Bearing3_1,120.0,,,False,landmark within bearing,bearing
1,fixed_horizon_60,cox_causal_features,Bearing3_1,240.0,,,False,landmark within bearing,bearing
1,fixed_horizon_60,cox_context_only,Bearing1_1,30.0,30.208333333333332,0.24338978651623586,True,landmark within bearing,bearing
1,fixed_horizon_60,cox_context_only,Bearing1_1,60.0,,,False,landmark within bearing,bearing
1,fixed_horizon_60,cox_context_only,Bearing1_1,120.0,,,False,landmark within bearing,bearing
1,fixed_horizon_60,cox_context_only,Bearing1_1,240.0,,,False,landmark within bearing,bearing
1,fixed_horizon_60,cox_context_only,Bearing2_1,30.0,30.208333333333332,0.30671817718998023,True,landmark within bearing,bearing
1,fixed_horizon_60,cox_context_only,Bearing2_1,60.0,,,False,landmark within bearing,bearing
1,fixed_horizon_60,cox_context_only,Bearing2_1,120.0,,,False,landmark within bearing,bearing
1,fixed_horizon_60,cox_context_only,Bearing2_1,240.0,,,False,landmark within bearing,bearing
1,fixed_horizon_60,cox_context_only,Bearing3_1,30.0,30.208333333333332,0.11279494430226604,True,landmark within bearing,bearing
1,fixed_horizon_60,cox_context_only,Bearing3_1,60.0,,,False,landmark within bearing,bearing
1,fixed_horizon_60,cox_context_only,Bearing3_1,120.0,,,False,landmark within bearing,bearing
1,fixed_horizon_60,cox_context_only,Bearing3_1,240.0,,,False,landmark within bearing,bearing
1,fixed_horizon_60,landmark_km_baseline,Bearing1_1,30.0,30.208333333333332,0.26532186948853614,True,landmark within bearing,bearing
1,fixed_horizon_60,landmark_km_baseline,Bearing1_1,60.0,,,False,landmark within bearing,bearing
1,fixed_horizon_60,landmark_km_baseline,Bearing1_1,120.0,,,False,landmark within bearing,bearing
1,fixed_horizon_60,landmark_km_baseline,Bearing1_1,240.0,,,False,landmark within bearing,bearing
1,fixed_horizon_60,landmark_km_baseline,Bearing2_1,30.0,30.208333333333332,0.2322530864197531,True,landmark within bearing,bearing
1,fixed_horizon_60,landmark_km_baseline,Bearing2_1,60.0,,,False,landmark within bearing,bearing
1,fixed_horizon_60,landmark_km_baseline,Bearing2_1,120.0,,,False,landmark within bearing,bearing
1,fixed_horizon_60,landmark_km_baseline,Bearing2_1,240.0,,,False,landmark within bearing,bearing
1,fixed_horizon_60,landmark_km_baseline,Bearing3_1,30.0,30.208333333333332,0.2712394411955815,True,landmark within bearing,bearing
1,fixed_horizon_60,landmark_km_baseline,Bearing3_1,60.0,,,False,landmark within bearing,bearing
1,fixed_horizon_60,landmark_km_baseline,Bearing3_1,120.0,,,False,landmark within bearing,bearing
1,fixed_horizon_60,landmark_km_baseline,Bearing3_1,240.0,,,False,landmark within bearing,bearing
1,fixed_horizon_60,random_survival_forest,Bearing1_1,30.0,30.208333333333332,0.13773442512149864,True,landmark within bearing,bearing
1,fixed_horizon_60,random_survival_forest,Bearing1_1,60.0,,,False,landmark within bearing,bearing
1,fixed_horizon_60,random_survival_forest,Bearing1_1,120.0,,,False,landmark within bearing,bearing
1,fixed_horizon_60,random_survival_forest,Bearing1_1,240.0,,,False,landmark within bearing,bearing
1,fixed_horizon_60,random_survival_forest,Bearing2_1,30.0,30.208333333333332,0.4102530869905618,True,landmark within bearing,bearing
1,fixed_horizon_60,random_survival_forest,Bearing2_1,60.0,,,False,landmark within bearing,bearing
1,fixed_horizon_60,random_survival_forest,Bearing2_1,120.0,,,False,landmark within bearing,bearing
1,fixed_horizon_60,random_survival_forest,Bearing2_1,240.0,,,False,landmark within bearing,bearing
1,fixed_horizon_60,random_survival_forest,Bearing3_1,30.0,30.208333333333332,0.1287952005390083,True,landmark within bearing,bearing
1,fixed_horizon_60,random_survival_forest,Bearing3_1,60.0,,,False,landmark within bearing,bearing
1,fixed_horizon_60,random_survival_forest,Bearing3_1,120.0,,,False,landmark within bearing,bearing
1,fixed_horizon_60,random_survival_forest,Bearing3_1,240.0,,,False,landmark within bearing,bearing
1,full_event,cox_causal_features,Bearing1_1,30.0,37.5,0.1675327339113994,True,landmark within bearing,bearing
1,full_event,cox_causal_features,Bearing1_1,60.0,53.7,0.1699182258828863,True,landmark within bearing,bearing
1,full_event,cox_causal_features,Bearing1_1,120.0,,,False,landmark within bearing,bearing
1,full_event,cox_causal_features,Bearing1_1,240.0,,,False,landmark within bearing,bearing
1,full_event,cox_causal_features,Bearing3_1,30.0,37.5,0.21158129928597733,True,landmark within bearing,bearing
1,full_event,cox_causal_features,Bearing3_1,60.0,53.7,0.230923254592841,True,landmark within bearing,bearing
1,full_event,cox_causal_features,Bearing3_1,120.0,118.49999999999999,0.214002918261356,True,landmark within bearing,bearing
1,full_event,cox_causal_features,Bearing3_1,240.0,,,False,landmark within bearing,bearing
1,full_event,cox_context_only,Bearing1_1,30.0,37.5,0.3133123120236774,True,landmark within bearing,bearing
1,full_event,cox_context_only,Bearing1_1,60.0,53.7,0.31823736579592315,True,landmark within bearing,bearing
1,full_event,cox_context_only,Bearing1_1,120.0,,,False,landmark within bearing,bearing
1,full_event,cox_context_only,Bearing1_1,240.0,,,False,landmark within bearing,bearing
1,full_event,cox_context_only,Bearing3_1,30.0,37.5,0.1468849437807784,True,landmark within bearing,bearing
1,full_event,cox_context_only,Bearing3_1,60.0,53.7,0.23951370342799452,True,landmark within bearing,bearing
1,full_event,cox_context_only,Bearing3_1,120.0,118.49999999999999,0.5222023839435339,True,landmark within bearing,bearing
1,full_event,cox_context_only,Bearing3_1,240.0,,,False,landmark within bearing,bearing
1,full_event,landmark_km_baseline,Bearing1_1,30.0,37.5,0.30996472663139324,True,landmark within bearing,bearing
1,full_event,landmark_km_baseline,Bearing1_1,60.0,53.7,0.3155864197530863,True,landmark within bearing,bearing
1,full_event,landmark_km_baseline,Bearing1_1,120.0,,,False,landmark within bearing,bearing
1,full_event,landmark_km_baseline,Bearing1_1,240.0,,,False,landmark within bearing,bearing
1,full_event,landmark_km_baseline,Bearing3_1,30.0,37.5,0.33836907082521117,True,landmark within bearing,bearing
1,full_event,landmark_km_baseline,Bearing3_1,60.0,53.7,0.3799139051332033,True,landmark within bearing,bearing
1,full_event,landmark_km_baseline,Bearing3_1,120.0,118.49999999999999,0.29093567251462,True,landmark within bearing,bearing
1,full_event,landmark_km_baseline,Bearing3_1,240.0,,,False,landmark within bearing,bearing
1,full_event,random_survival_forest,Bearing1_1,30.0,37.5,0.429319120901976,True,landmark within bearing,bearing
1,full_event,random_survival_forest,Bearing1_1,60.0,53.7,0.3761340345691445,True,landmark within bearing,bearing
1,full_event,random_survival_forest,Bearing1_1,120.0,,,False,landmark within bearing,bearing
1,full_event,random_survival_forest,Bearing1_1,240.0,,,False,landmark within bearing,bearing
1,full_event,random_survival_forest,Bearing3_1,30.0,37.5,0.16866193952050793,True,landmark within bearing,bearing
1,full_event,random_survival_forest,Bearing3_1,60.0,53.7,0.19774897913275985,True,landmark within bearing,bearing
1,full_event,random_survival_forest,Bearing3_1,120.0,118.49999999999999,0.2649364170839164,True,landmark within bearing,bearing
1,full_event,random_survival_forest,Bearing3_1,240.0,,,False,landmark within bearing,bearing
1,target_censoring_25,cox_causal_features,Bearing1_1,30.0,26.245833333333337,0.15624864338471217,True,landmark within bearing,bearing
1,target_censoring_25,cox_causal_features,Bearing1_1,60.0,63.22916666666668,0.18082038518541063,True,landmark within bearing,bearing
1,target_censoring_25,cox_causal_features,Bearing1_1,120.0,,,False,landmark within bearing,bearing
1,target_censoring_25,cox_causal_features,Bearing1_1,240.0,,,False,landmark within bearing,bearing
1,target_censoring_25,cox_causal_features,Bearing2_1,30.0,26.245833333333337,0.2915207732052671,True,landmark within bearing,bearing
1,target_censoring_25,cox_causal_features,Bearing2_1,60.0,,,False,landmark within bearing,bearing
1,target_censoring_25,cox_causal_features,Bearing2_1,120.0,,,False,landmark within bearing,bearing
1,target_censoring_25,cox_causal_features,Bearing2_1,240.0,,,False,landmark within bearing,bearing
1,target_censoring_25,cox_causal_features,Bearing3_1,30.0,26.245833333333337,0.13720713244279892,True,landmark within bearing,bearing
1,target_censoring_25,cox_causal_features,Bearing3_1,60.0,63.22916666666668,0.24275874520999904,True,landmark within bearing,bearing
1,target_censoring_25,cox_causal_features,Bearing3_1,120.0,118.7041666666667,0.22142785920806654,True,landmark within bearing,bearing
1,target_censoring_25,cox_causal_features,Bearing3_1,240.0,,,False,landmark within bearing,bearing
1,target_censoring_25,cox_context_only,Bearing1_1,30.0,26.245833333333337,0.2523392318618152,True,landmark within bearing,bearing
1,target_censoring_25,cox_context_only,Bearing1_1,60.0,63.22916666666668,0.2882641731323746,True,landmark within bearing,bearing
1,target_censoring_25,cox_context_only,Bearing1_1,120.0,,,False,landmark within bearing,bearing
1,target_censoring_25,cox_context_only,Bearing1_1,240.0,,,False,landmark within bearing,bearing
1,target_censoring_25,cox_context_only,Bearing2_1,30.0,26.245833333333337,0.32516192084965173,True,landmark within bearing,bearing
1,target_censoring_25,cox_context_only,Bearing2_1,60.0,,,False,landmark within bearing,bearing
1,target_censoring_25,cox_context_only,Bearing2_1,120.0,,,False,landmark within bearing,bearing
1,target_censoring_25,cox_context_only,Bearing2_1,240.0,,,False,landmark within bearing,bearing
1,target_censoring_25,cox_context_only,Bearing3_1,30.0,26.245833333333337,0.09793387953243614,True,landmark within bearing,bearing
1,target_censoring_25,cox_context_only,Bearing3_1,60.0,63.22916666666668,0.27272132479895705,True,landmark within bearing,bearing
1,target_censoring_25,cox_context_only,Bearing3_1,120.0,118.7041666666667,0.48836131888987194,True,landmark within bearing,bearing
1,target_censoring_25,cox_context_only,Bearing3_1,240.0,,,False,landmark within bearing,bearing
1,target_censoring_25,landmark_km_baseline,Bearing1_1,30.0,26.245833333333337,0.25,True,landmark within bearing,bearing
1,target_censoring_25,landmark_km_baseline,Bearing1_1,60.0,63.22916666666668,0.2888007054673722,True,landmark within bearing,bearing
1,target_censoring_25,landmark_km_baseline,Bearing1_1,120.0,,,False,landmark within bearing,bearing
1,target_censoring_25,landmark_km_baseline,Bearing1_1,240.0,,,False,landmark within bearing,bearing
1,target_censoring_25,landmark_km_baseline,Bearing2_1,30.0,26.245833333333337,0.25,True,landmark within bearing,bearing
1,target_censoring_25,landmark_km_baseline,Bearing2_1,60.0,,,False,landmark within bearing,bearing
1,target_censoring_25,landmark_km_baseline,Bearing2_1,120.0,,,False,landmark within bearing,bearing
1,target_censoring_25,landmark_km_baseline,Bearing2_1,240.0,,,False,landmark within bearing,bearing
1,target_censoring_25,landmark_km_baseline,Bearing3_1,30.0,26.245833333333337,0.25,True,landmark within bearing,bearing
1,target_censoring_25,landmark_km_baseline,Bearing3_1,60.0,63.22916666666668,0.3812540610786224,True,landmark within bearing,bearing
1,target_censoring_25,landmark_km_baseline,Bearing3_1,120.0,118.7041666666667,0.29093567251462,True,landmark within bearing,bearing
1,target_censoring_25,landmark_km_baseline,Bearing3_1,240.0,,,False,landmark within bearing,bearing
1,target_censoring_25,random_survival_forest,Bearing1_1,30.0,26.245833333333337,0.20770567456030392,True,landmark within bearing,bearing
1,target_censoring_25,random_survival_forest,Bearing1_1,60.0,63.22916666666668,0.29959073876034903,True,landmark within bearing,bearing
1,target_censoring_25,random_survival_forest,Bearing1_1,120.0,,,False,landmark within bearing,bearing
1,target_censoring_25,random_survival_forest,Bearing1_1,240.0,,,False,landmark within bearing,bearing
1,target_censoring_25,random_survival_forest,Bearing2_1,30.0,26.245833333333337,0.3766397876581282,True,landmark within bearing,bearing
1,target_censoring_25,random_survival_forest,Bearing2_1,60.0,,,False,landmark within bearing,bearing
1,target_censoring_25,random_survival_forest,Bearing2_1,120.0,,,False,landmark within bearing,bearing
1,target_censoring_25,random_survival_forest,Bearing2_1,240.0,,,False,landmark within bearing,bearing
1,target_censoring_25,random_survival_forest,Bearing3_1,30.0,26.245833333333337,0.10890106468085806,True,landmark within bearing,bearing
1,target_censoring_25,random_survival_forest,Bearing3_1,60.0,63.22916666666668,0.28215691772176177,True,landmark within bearing,bearing
1,target_censoring_25,random_survival_forest,Bearing3_1,120.0,118.7041666666667,0.27861089967210523,True,landmark within bearing,bearing
1,target_censoring_25,random_survival_forest,Bearing3_1,240.0,,,False,landmark within bearing,bearing
1,target_censoring_50,cox_causal_features,Bearing1_1,30.0,30.250000000000004,0.1516221101418537,True,landmark within bearing,bearing
1,target_censoring_50,cox_causal_features,Bearing1_1,60.0,62.01250000000001,0.19547602639867295,True,landmark within bearing,bearing
1,target_censoring_50,cox_causal_features,Bearing1_1,120.0,,,False,landmark within bearing,bearing
1,target_censoring_50,cox_causal_features,Bearing1_1,240.0,,,False,landmark within bearing,bearing
1,target_censoring_50,cox_causal_features,Bearing2_1,30.0,30.250000000000004,0.3426949238394246,True,landmark within bearing,bearing
1,target_censoring_50,cox_causal_features,Bearing2_1,60.0,,,False,landmark within bearing,bearing
1,target_censoring_50,cox_causal_features,Bearing2_1,120.0,,,False,landmark within bearing,bearing
1,target_censoring_50,cox_causal_features,Bearing2_1,240.0,,,False,landmark within bearing,bearing
1,target_censoring_50,cox_causal_features,Bearing3_1,30.0,30.250000000000004,0.1664310438974072,True,landmark within bearing,bearing
1,target_censoring_50,cox_causal_features,Bearing3_1,60.0,62.01250000000001,0.2918507043329377,True,landmark within bearing,bearing
1,target_censoring_50,cox_causal_features,Bearing3_1,120.0,121.0,0.24180739574248827,True,landmark within bearing,bearing
1,target_censoring_50,cox_causal_features,Bearing3_1,240.0,,,False,landmark within bearing,bearing
1,target_censoring_50,cox_context_only,Bearing1_1,30.0,30.250000000000004,0.26415322572184713,True,landmark within bearing,bearing
1,target_censoring_50,cox_context_only,Bearing1_1,60.0,62.01250000000001,0.2868982320046073,True,landmark within bearing,bearing
1,target_censoring_50,cox_context_only,Bearing1_1,120.0,,,False,landmark within bearing,bearing
1,target_censoring_50,cox_context_only,Bearing1_1,240.0,,,False,landmark within bearing,bearing
1,target_censoring_50,cox_context_only,Bearing2_1,30.0,30.250000000000004,0.3366510917433995,True,landmark within bearing,bearing
1,target_censoring_50,cox_context_only,Bearing2_1,60.0,,,False,landmark within bearing,bearing
1,target_censoring_50,cox_context_only,Bearing2_1,120.0,,,False,landmark within bearing,bearing
1,target_censoring_50,cox_context_only,Bearing2_1,240.0,,,False,landmark within bearing,bearing
1,target_censoring_50,cox_context_only,Bearing3_1,30.0,30.250000000000004,0.11769963985618298,True,landmark within bearing,bearing
1,target_censoring_50,cox_context_only,Bearing3_1,60.0,62.01250000000001,0.23496266951885805,True,landmark within bearing,bearing
1,target_censoring_50,cox_context_only,Bearing3_1,120.0,121.0,0.4391851208083594,True,landmark within bearing,bearing
1,target_censoring_50,cox_context_only,Bearing3_1,240.0,,,False,landmark within bearing,bearing
1,target_censoring_50,landmark_km_baseline,Bearing1_1,30.0,30.250000000000004,0.26532186948853614,True,landmark within bearing,bearing
1,target_censoring_50,landmark_km_baseline,Bearing1_1,60.0,62.01250000000001,0.2888007054673722,True,landmark within bearing,bearing
1,target_censoring_50,landmark_km_baseline,Bearing1_1,120.0,,,False,landmark within bearing,bearing
1,target_censoring_50,landmark_km_baseline,Bearing1_1,240.0,,,False,landmark within bearing,bearing
1,target_censoring_50,landmark_km_baseline,Bearing2_1,30.0,30.250000000000004,0.2322530864197531,True,landmark within bearing,bearing
1,target_censoring_50,landmark_km_baseline,Bearing2_1,60.0,,,False,landmark within bearing,bearing
1,target_censoring_50,landmark_km_baseline,Bearing2_1,120.0,,,False,landmark within bearing,bearing
1,target_censoring_50,landmark_km_baseline,Bearing2_1,240.0,,,False,landmark within bearing,bearing
1,target_censoring_50,landmark_km_baseline,Bearing3_1,30.0,30.250000000000004,0.2712394411955815,True,landmark within bearing,bearing
1,target_censoring_50,landmark_km_baseline,Bearing3_1,60.0,62.01250000000001,0.3929499675113709,True,landmark within bearing,bearing
1,target_censoring_50,landmark_km_baseline,Bearing3_1,120.0,121.0,0.29093567251462,True,landmark within bearing,bearing
1,target_censoring_50,landmark_km_baseline,Bearing3_1,240.0,,,False,landmark within bearing,bearing
1,target_censoring_50,random_survival_forest,Bearing1_1,30.0,30.250000000000004,0.24526766835170655,True,landmark within bearing,bearing
1,target_censoring_50,random_survival_forest,Bearing1_1,60.0,62.01250000000001,0.2773187778016672,True,landmark within bearing,bearing
1,target_censoring_50,random_survival_forest,Bearing1_1,120.0,,,False,landmark within bearing,bearing
1,target_censoring_50,random_survival_forest,Bearing1_1,240.0,,,False,landmark within bearing,bearing
1,target_censoring_50,random_survival_forest,Bearing2_1,30.0,30.250000000000004,0.40683376772710705,True,landmark within bearing,bearing
1,target_censoring_50,random_survival_forest,Bearing2_1,60.0,,,False,landmark within bearing,bearing
1,target_censoring_50,random_survival_forest,Bearing2_1,120.0,,,False,landmark within bearing,bearing
1,target_censoring_50,random_survival_forest,Bearing2_1,240.0,,,False,landmark within bearing,bearing
1,target_censoring_50,random_survival_forest,Bearing3_1,30.0,30.250000000000004,0.13434421636680607,True,landmark within bearing,bearing
1,target_censoring_50,random_survival_forest,Bearing3_1,60.0,62.01250000000001,0.25182931229907685,True,landmark within bearing,bearing
1,target_censoring_50,random_survival_forest,Bearing3_1,120.0,121.0,0.2704428899739658,True,landmark within bearing,bearing
1,target_censoring_50,random_survival_forest,Bearing3_1,240.0,,,False,landmark within bearing,bearing
1,target_censoring_75,cox_causal_features,Bearing1_1,30.0,29.5,0.12903872915820352,True,landmark within bearing,bearing
1,target_censoring_75,cox_causal_features,Bearing1_1,60.0,,,False,landmark within bearing,bearing
1,target_censoring_75,cox_causal_features,Bearing1_1,120.0,,,False,landmark within bearing,bearing
1,target_censoring_75,cox_causal_features,Bearing1_1,240.0,,,False,landmark within bearing,bearing
1,target_censoring_75,cox_causal_features,Bearing2_1,30.0,29.5,0.4128568502308721,True,landmark within bearing,bearing
1,target_censoring_75,cox_causal_features,Bearing2_1,60.0,,,False,landmark within bearing,bearing
1,target_censoring_75,cox_causal_features,Bearing2_1,120.0,,,False,landmark within bearing,bearing
1,target_censoring_75,cox_causal_features,Bearing2_1,240.0,,,False,landmark within bearing,bearing
1,target_censoring_75,cox_causal_features,Bearing3_1,30.0,29.5,0.1289894154355132,True,landmark within bearing,bearing
1,target_censoring_75,cox_causal_features,Bearing3_1,60.0,,,False,landmark within bearing,bearing
1,target_censoring_75,cox_causal_features,Bearing3_1,120.0,,,False,landmark within bearing,bearing
1,target_censoring_75,cox_causal_features,Bearing3_1,240.0,,,False,landmark within bearing,bearing
1,target_censoring_75,cox_context_only,Bearing1_1,30.0,29.5,0.24338978651623586,True,landmark within bearing,bearing
1,target_censoring_75,cox_context_only,Bearing1_1,60.0,,,False,landmark within bearing,bearing
1,target_censoring_75,cox_context_only,Bearing1_1,120.0,,,False,landmark within bearing,bearing
1,target_censoring_75,cox_context_only,Bearing1_1,240.0,,,False,landmark within bearing,bearing
1,target_censoring_75,cox_context_only,Bearing2_1,30.0,29.5,0.30671817718998023,True,landmark within bearing,bearing
1,target_censoring_75,cox_context_only,Bearing2_1,60.0,,,False,landmark within bearing,bearing
1,target_censoring_75,cox_context_only,Bearing2_1,120.0,,,False,landmark within bearing,bearing
1,target_censoring_75,cox_context_only,Bearing2_1,240.0,,,False,landmark within bearing,bearing
1,target_censoring_75,cox_context_only,Bearing3_1,30.0,29.5,0.11279494430226604,True,landmark within bearing,bearing
1,target_censoring_75,cox_context_only,Bearing3_1,60.0,,,False,landmark within bearing,bearing
1,target_censoring_75,cox_context_only,Bearing3_1,120.0,,,False,landmark within bearing,bearing
1,target_censoring_75,cox_context_only,Bearing3_1,240.0,,,False,landmark within bearing,bearing
1,target_censoring_75,landmark_km_baseline,Bearing1_1,30.0,29.5,0.26532186948853614,True,landmark within bearing,bearing
1,target_censoring_75,landmark_km_baseline,Bearing1_1,60.0,,,False,landmark within bearing,bearing
1,target_censoring_75,landmark_km_baseline,Bearing1_1,120.0,,,False,landmark within bearing,bearing
1,target_censoring_75,landmark_km_baseline,Bearing1_1,240.0,,,False,landmark within bearing,bearing
1,target_censoring_75,landmark_km_baseline,Bearing2_1,30.0,29.5,0.2322530864197531,True,landmark within bearing,bearing
1,target_censoring_75,landmark_km_baseline,Bearing2_1,60.0,,,False,landmark within bearing,bearing
1,target_censoring_75,landmark_km_baseline,Bearing2_1,120.0,,,False,landmark within bearing,bearing
1,target_censoring_75,landmark_km_baseline,Bearing2_1,240.0,,,False,landmark within bearing,bearing
1,target_censoring_75,landmark_km_baseline,Bearing3_1,30.0,29.5,0.2712394411955815,True,landmark within bearing,bearing
1,target_censoring_75,landmark_km_baseline,Bearing3_1,60.0,,,False,landmark within bearing,bearing
1,target_censoring_75,landmark_km_baseline,Bearing3_1,120.0,,,False,landmark within bearing,bearing
1,target_censoring_75,landmark_km_baseline,Bearing3_1,240.0,,,False,landmark within bearing,bearing
1,target_censoring_75,random_survival_forest,Bearing1_1,30.0,29.5,0.22887030073170833,True,landmark within bearing,bearing
1,target_censoring_75,random_survival_forest,Bearing1_1,60.0,,,False,landmark within bearing,bearing
1,target_censoring_75,random_survival_forest,Bearing1_1,120.0,,,False,landmark within bearing,bearing
1,target_censoring_75,random_survival_forest,Bearing1_1,240.0,,,False,landmark within bearing,bearing
1,target_censoring_75,random_survival_forest,Bearing2_1,30.0,29.5,0.3476040604645611,True,landmark within bearing,bearing
1,target_censoring_75,random_survival_forest,Bearing2_1,60.0,,,False,landmark within bearing,bearing
1,target_censoring_75,random_survival_forest,Bearing2_1,120.0,,,False,landmark within bearing,bearing
1,target_censoring_75,random_survival_forest,Bearing2_1,240.0,,,False,landmark within bearing,bearing
1,target_censoring_75,random_survival_forest,Bearing3_1,30.0,29.5,0.105978654086579,True,landmark within bearing,bearing
1,target_censoring_75,random_survival_forest,Bearing3_1,60.0,,,False,landmark within bearing,bearing
1,target_censoring_75,random_survival_forest,Bearing3_1,120.0,,,False,landmark within bearing,bearing
1,target_censoring_75,random_survival_forest,Bearing3_1,240.0,,,False,landmark within bearing,bearing
2,fixed_horizon_120,cox_causal_features,Bearing1_2,30.0,29.75,0.19305982274122296,True,landmark within bearing,bearing
2,fixed_horizon_120,cox_causal_features,Bearing1_2,60.0,58.25,0.21807461956486068,True,landmark within bearing,bearing
2,fixed_horizon_120,cox_causal_features,Bearing1_2,120.0,,,False,landmark within bearing,bearing
2,fixed_horizon_120,cox_causal_features,Bearing1_2,240.0,,,False,landmark within bearing,bearing
2,fixed_horizon_120,cox_causal_features,Bearing2_2,30.0,29.75,0.18091962104560444,True,landmark within bearing,bearing
2,fixed_horizon_120,cox_causal_features,Bearing2_2,60.0,58.25,0.209244418144398,True,landmark within bearing,bearing
2,fixed_horizon_120,cox_causal_features,Bearing2_2,120.0,,,False,landmark within bearing,bearing
2,fixed_horizon_120,cox_causal_features,Bearing2_2,240.0,,,False,landmark within bearing,bearing
2,fixed_horizon_120,cox_causal_features,Bearing3_2,30.0,29.75,0.12942272482454464,True,landmark within bearing,bearing
2,fixed_horizon_120,cox_causal_features,Bearing3_2,60.0,58.25,0.3085267892876786,True,landmark within bearing,bearing
2,fixed_horizon_120,cox_causal_features,Bearing3_2,120.0,,,False,landmark within bearing,bearing
2,fixed_horizon_120,cox_causal_features,Bearing3_2,240.0,,,False,landmark within bearing,bearing
2,fixed_horizon_120,cox_context_only,Bearing1_2,30.0,29.75,0.2795983406943036,True,landmark within bearing,bearing
2,fixed_horizon_120,cox_context_only,Bearing1_2,60.0,58.25,0.3679401697756734,True,landmark within bearing,bearing
2,fixed_horizon_120,cox_context_only,Bearing1_2,120.0,,,False,landmark within bearing,bearing
2,fixed_horizon_120,cox_context_only,Bearing1_2,240.0,,,False,landmark within bearing,bearing
2,fixed_horizon_120,cox_context_only,Bearing2_2,30.0,29.75,0.19191869181949345,True,landmark within bearing,bearing
2,fixed_horizon_120,cox_context_only,Bearing2_2,60.0,58.25,0.2868869736123917,True,landmark within bearing,bearing
2,fixed_horizon_120,cox_context_only,Bearing2_2,120.0,,,False,landmark within bearing,bearing
2,fixed_horizon_120,cox_context_only,Bearing2_2,240.0,,,False,landmark within bearing,bearing
2,fixed_horizon_120,cox_context_only,Bearing3_2,30.0,29.75,0.02496256065163115,True,landmark within bearing,bearing
2,fixed_horizon_120,cox_context_only,Bearing3_2,60.0,58.25,0.0606033606906659,True,landmark within bearing,bearing
2,fixed_horizon_120,cox_context_only,Bearing3_2,120.0,,,False,landmark within bearing,bearing
2,fixed_horizon_120,cox_context_only,Bearing3_2,240.0,,,False,landmark within bearing,bearing
2,fixed_horizon_120,landmark_km_baseline,Bearing1_2,30.0,29.75,0.1800044091710759,True,landmark within bearing,bearing
2,fixed_horizon_120,landmark_km_baseline,Bearing1_2,60.0,58.25,0.2567239858906526,True,landmark within bearing,bearing
2,fixed_horizon_120,landmark_km_baseline,Bearing1_2,120.0,,,False,landmark within bearing,bearing
2,fixed_horizon_120,landmark_km_baseline,Bearing1_2,240.0,,,False,landmark within bearing,bearing
2,fixed_horizon_120,landmark_km_baseline,Bearing2_2,30.0,29.75,0.17669753086419762,True,landmark within bearing,bearing
2,fixed_horizon_120,landmark_km_baseline,Bearing2_2,60.0,58.25,0.258179012345679,True,landmark within bearing,bearing
2,fixed_horizon_120,landmark_km_baseline,Bearing2_2,120.0,,,False,landmark within bearing,bearing
2,fixed_horizon_120,landmark_km_baseline,Bearing2_2,240.0,,,False,landmark within bearing,bearing
2,fixed_horizon_120,landmark_km_baseline,Bearing3_2,30.0,29.75,0.13321275053731202,True,landmark within bearing,bearing
2,fixed_horizon_120,landmark_km_baseline,Bearing3_2,60.0,58.25,0.27731231568950876,True,landmark within bearing,bearing
2,fixed_horizon_120,landmark_km_baseline,Bearing3_2,120.0,,,False,landmark within bearing,bearing
2,fixed_horizon_120,landmark_km_baseline,Bearing3_2,240.0,,,False,landmark within bearing,bearing
2,fixed_horizon_120,random_survival_forest,Bearing1_2,30.0,29.75,0.1598497922930567,True,landmark within bearing,bearing
2,fixed_horizon_120,random_survival_forest,Bearing1_2,60.0,58.25,0.21128682355013179,True,landmark within bearing,bearing
2,fixed_horizon_120,random_survival_forest,Bearing1_2,120.0,,,False,landmark within bearing,bearing
2,fixed_horizon_120,random_survival_forest,Bearing1_2,240.0,,,False,landmark within bearing,bearing
2,fixed_horizon_120,random_survival_forest,Bearing2_2,30.0,29.75,0.16381857573343087,True,landmark within bearing,bearing
2,fixed_horizon_120,random_survival_forest,Bearing2_2,60.0,58.25,0.16347217697701863,True,landmark within bearing,bearing
2,fixed_horizon_120,random_survival_forest,Bearing2_2,120.0,,,False,landmark within bearing,bearing
2,fixed_horizon_120,random_survival_forest,Bearing2_2,240.0,,,False,landmark within bearing,bearing
2,fixed_horizon_120,random_survival_forest,Bearing3_2,30.0,29.75,0.05138411142077757,True,landmark within bearing,bearing
2,fixed_horizon_120,random_survival_forest,Bearing3_2,60.0,58.25,0.11041948043298049,True,landmark within bearing,bearing
2,fixed_horizon_120,random_survival_forest,Bearing3_2,120.0,,,False,landmark within bearing,bearing
2,fixed_horizon_120,random_survival_forest,Bearing3_2,240.0,,,False,landmark within bearing,bearing
2,fixed_horizon_240,cox_causal_features,Bearing1_2,30.0,28.799999999999997,0.14910269790431202,True,landmark within bearing,bearing
2,fixed_horizon_240,cox_causal_features,Bearing1_2,60.0,57.6,0.21277647882907427,True,landmark within bearing,bearing
2,fixed_horizon_240,cox_causal_features,Bearing1_2,120.0,124.79999999999998,0.09240701018100335,True,landmark within bearing,bearing
2,fixed_horizon_240,cox_causal_features,Bearing1_2,240.0,,,False,landmark within bearing,bearing
2,fixed_horizon_240,cox_causal_features,Bearing2_2,30.0,28.799999999999997,0.1577493964836206,True,landmark within bearing,bearing
2,fixed_horizon_240,cox_causal_features,Bearing2_2,60.0,57.6,0.22740765814549338,True,landmark within bearing,bearing
2,fixed_horizon_240,cox_causal_features,Bearing2_2,120.0,124.79999999999998,0.12388452227875561,True,landmark within bearing,bearing
2,fixed_horizon_240,cox_causal_features,Bearing2_2,240.0,,,False,landmark within bearing,bearing
2,fixed_horizon_240,cox_causal_features,Bearing3_2,30.0,28.799999999999997,0.11623354314321864,True,landmark within bearing,bearing
2,fixed_horizon_240,cox_causal_features,Bearing3_2,60.0,57.6,0.27467731923549016,True,landmark within bearing,bearing
2,fixed_horizon_240,cox_causal_features,Bearing3_2,120.0,124.79999999999998,0.47873637245870554,True,landmark within bearing,bearing
2,fixed_horizon_240,cox_causal_features,Bearing3_2,240.0,,,False,landmark within bearing,bearing
2,fixed_horizon_240,cox_context_only,Bearing1_2,30.0,28.799999999999997,0.28282864002617064,True,landmark within bearing,bearing
2,fixed_horizon_240,cox_context_only,Bearing1_2,60.0,57.6,0.3877034898232025,True,landmark within bearing,bearing
2,fixed_horizon_240,cox_context_only,Bearing1_2,120.0,124.79999999999998,0.12826601633022736,True,landmark within bearing,bearing
2,fixed_horizon_240,cox_context_only,Bearing1_2,240.0,,,False,landmark within bearing,bearing
2,fixed_horizon_240,cox_context_only,Bearing2_2,30.0,28.799999999999997,0.1925066583044007,True,landmark within bearing,bearing
2,fixed_horizon_240,cox_context_only,Bearing2_2,60.0,57.6,0.2879329655282011,True,landmark within bearing,bearing
2,fixed_horizon_240,cox_context_only,Bearing2_2,120.0,124.79999999999998,0.17578211816848835,True,landmark within bearing,bearing
2,fixed_horizon_240,cox_context_only,Bearing2_2,240.0,,,False,landmark within bearing,bearing
2,fixed_horizon_240,cox_context_only,Bearing3_2,30.0,28.799999999999997,0.024050667730561696,True,landmark within bearing,bearing
2,fixed_horizon_240,cox_context_only,Bearing3_2,60.0,57.6,0.05839492380058577,True,landmark within bearing,bearing
2,fixed_horizon_240,cox_context_only,Bearing3_2,120.0,124.79999999999998,0.12004261267190766,True,landmark within bearing,bearing
2,fixed_horizon_240,cox_context_only,Bearing3_2,240.0,,,False,landmark within bearing,bearing
2,fixed_horizon_240,landmark_km_baseline,Bearing1_2,30.0,28.799999999999997,0.1800044091710759,True,landmark within bearing,bearing
2,fixed_horizon_240,landmark_km_baseline,Bearing1_2,60.0,57.6,0.25870811287477957,True,landmark within bearing,bearing
2,fixed_horizon_240,landmark_km_baseline,Bearing1_2,120.0,124.79999999999998,0.15873015873015864,True,landmark within bearing,bearing
2,fixed_horizon_240,landmark_km_baseline,Bearing1_2,240.0,,,False,landmark within bearing,bearing
2,fixed_horizon_240,landmark_km_baseline,Bearing2_2,30.0,28.799999999999997,0.17669753086419762,True,landmark within bearing,bearing
2,fixed_horizon_240,landmark_km_baseline,Bearing2_2,60.0,57.6,0.258179012345679,True,landmark within bearing,bearing
2,fixed_horizon_240,landmark_km_baseline,Bearing2_2,120.0,124.79999999999998,0.17777777777777767,True,landmark within bearing,bearing
2,fixed_horizon_240,landmark_km_baseline,Bearing2_2,240.0,,,False,landmark within bearing,bearing
2,fixed_horizon_240,landmark_km_baseline,Bearing3_2,30.0,28.799999999999997,0.13321275053731202,True,landmark within bearing,bearing
2,fixed_horizon_240,landmark_km_baseline,Bearing3_2,60.0,57.6,0.27731231568950876,True,landmark within bearing,bearing
2,fixed_horizon_240,landmark_km_baseline,Bearing3_2,120.0,124.79999999999998,0.4282501124606389,True,landmark within bearing,bearing
2,fixed_horizon_240,landmark_km_baseline,Bearing3_2,240.0,,,False,landmark within bearing,bearing
2,fixed_horizon_240,random_survival_forest,Bearing1_2,30.0,28.799999999999997,0.16513230973227255,True,landmark within bearing,bearing
2,fixed_horizon_240,random_survival_forest,Bearing1_2,60.0,57.6,0.2056613473058487,True,landmark within bearing,bearing
2,fixed_horizon_240,random_survival_forest,Bearing1_2,120.0,124.79999999999998,0.04538270355129313,True,landmark within bearing,bearing
2,fixed_horizon_240,random_survival_forest,Bearing1_2,240.0,,,False,landmark within bearing,bearing
2,fixed_horizon_240,random_survival_forest,Bearing2_2,30.0,28.799999999999997,0.17328048758377695,True,landmark within bearing,bearing
2,fixed_horizon_240,random_survival_forest,Bearing2_2,60.0,57.6,0.18177675748305308,True,landmark within bearing,bearing
2,fixed_horizon_240,random_survival_forest,Bearing2_2,120.0,124.79999999999998,0.06793980389124013,True,landmark within bearing,bearing
2,fixed_horizon_240,random_survival_forest,Bearing2_2,240.0,,,False,landmark within bearing,bearing
2,fixed_horizon_240,random_survival_forest,Bearing3_2,30.0,28.799999999999997,0.18059535611702252,True,landmark within bearing,bearing
2,fixed_horizon_240,random_survival_forest,Bearing3_2,60.0,57.6,0.2791282130622648,True,landmark within bearing,bearing
2,fixed_horizon_240,random_survival_forest,Bearing3_2,120.0,124.79999999999998,0.39707919887072085,True,landmark within bearing,bearing
2,fixed_horizon_240,random_survival_forest,Bearing3_2,240.0,,,False,landmark within bearing,bearing
2,fixed_horizon_30,cox_causal_features,Bearing1_2,30.0,,,False,landmark within bearing,bearing
2,fixed_horizon_30,cox_causal_features,Bearing1_2,60.0,,,False,landmark within bearing,bearing
2,fixed_horizon_30,cox_causal_features,Bearing1_2,120.0,,,False,landmark within bearing,bearing
2,fixed_horizon_30,cox_causal_features,Bearing1_2,240.0,,,False,landmark within bearing,bearing
2,fixed_horizon_30,cox_causal_features,Bearing2_2,30.0,,,False,landmark within bearing,bearing
2,fixed_horizon_30,cox_causal_features,Bearing2_2,60.0,,,False,landmark within bearing,bearing
2,fixed_horizon_30,cox_causal_features,Bearing2_2,120.0,,,False,landmark within bearing,bearing
2,fixed_horizon_30,cox_causal_features,Bearing2_2,240.0,,,False,landmark within bearing,bearing
2,fixed_horizon_30,cox_causal_features,Bearing3_2,30.0,,,False,landmark within bearing,bearing
2,fixed_horizon_30,cox_causal_features,Bearing3_2,60.0,,,False,landmark within bearing,bearing
2,fixed_horizon_30,cox_causal_features,Bearing3_2,120.0,,,False,landmark within bearing,bearing
2,fixed_horizon_30,cox_causal_features,Bearing3_2,240.0,,,False,landmark within bearing,bearing
2,fixed_horizon_30,cox_context_only,Bearing1_2,30.0,,,False,landmark within bearing,bearing
2,fixed_horizon_30,cox_context_only,Bearing1_2,60.0,,,False,landmark within bearing,bearing
2,fixed_horizon_30,cox_context_only,Bearing1_2,120.0,,,False,landmark within bearing,bearing
2,fixed_horizon_30,cox_context_only,Bearing1_2,240.0,,,False,landmark within bearing,bearing
2,fixed_horizon_30,cox_context_only,Bearing2_2,30.0,,,False,landmark within bearing,bearing
2,fixed_horizon_30,cox_context_only,Bearing2_2,60.0,,,False,landmark within bearing,bearing
2,fixed_horizon_30,cox_context_only,Bearing2_2,120.0,,,False,landmark within bearing,bearing
2,fixed_horizon_30,cox_context_only,Bearing2_2,240.0,,,False,landmark within bearing,bearing
2,fixed_horizon_30,cox_context_only,Bearing3_2,30.0,,,False,landmark within bearing,bearing
2,fixed_horizon_30,cox_context_only,Bearing3_2,60.0,,,False,landmark within bearing,bearing
2,fixed_horizon_30,cox_context_only,Bearing3_2,120.0,,,False,landmark within bearing,bearing
2,fixed_horizon_30,cox_context_only,Bearing3_2,240.0,,,False,landmark within bearing,bearing
2,fixed_horizon_30,landmark_km_baseline,Bearing1_2,30.0,,,False,landmark within bearing,bearing
2,fixed_horizon_30,landmark_km_baseline,Bearing1_2,60.0,,,False,landmark within bearing,bearing
2,fixed_horizon_30,landmark_km_baseline,Bearing1_2,120.0,,,False,landmark within bearing,bearing
2,fixed_horizon_30,landmark_km_baseline,Bearing1_2,240.0,,,False,landmark within bearing,bearing
2,fixed_horizon_30,landmark_km_baseline,Bearing2_2,30.0,,,False,landmark within bearing,bearing
2,fixed_horizon_30,landmark_km_baseline,Bearing2_2,60.0,,,False,landmark within bearing,bearing
2,fixed_horizon_30,landmark_km_baseline,Bearing2_2,120.0,,,False,landmark within bearing,bearing
2,fixed_horizon_30,landmark_km_baseline,Bearing2_2,240.0,,,False,landmark within bearing,bearing
2,fixed_horizon_30,landmark_km_baseline,Bearing3_2,30.0,,,False,landmark within bearing,bearing
2,fixed_horizon_30,landmark_km_baseline,Bearing3_2,60.0,,,False,landmark within bearing,bearing
2,fixed_horizon_30,landmark_km_baseline,Bearing3_2,120.0,,,False,landmark within bearing,bearing
2,fixed_horizon_30,landmark_km_baseline,Bearing3_2,240.0,,,False,landmark within bearing,bearing
2,fixed_horizon_30,random_survival_forest,Bearing1_2,30.0,,,False,landmark within bearing,bearing
2,fixed_horizon_30,random_survival_forest,Bearing1_2,60.0,,,False,landmark within bearing,bearing
2,fixed_horizon_30,random_survival_forest,Bearing1_2,120.0,,,False,landmark within bearing,bearing
2,fixed_horizon_30,random_survival_forest,Bearing1_2,240.0,,,False,landmark within bearing,bearing
2,fixed_horizon_30,random_survival_forest,Bearing2_2,30.0,,,False,landmark within bearing,bearing
2,fixed_horizon_30,random_survival_forest,Bearing2_2,60.0,,,False,landmark within bearing,bearing
2,fixed_horizon_30,random_survival_forest,Bearing2_2,120.0,,,False,landmark within bearing,bearing
2,fixed_horizon_30,random_survival_forest,Bearing2_2,240.0,,,False,landmark within bearing,bearing
2,fixed_horizon_30,random_survival_forest,Bearing3_2,30.0,,,False,landmark within bearing,bearing
2,fixed_horizon_30,random_survival_forest,Bearing3_2,60.0,,,False,landmark within bearing,bearing
2,fixed_horizon_30,random_survival_forest,Bearing3_2,120.0,,,False,landmark within bearing,bearing
2,fixed_horizon_30,random_survival_forest,Bearing3_2,240.0,,,False,landmark within bearing,bearing
2,fixed_horizon_60,cox_causal_features,Bearing1_2,30.0,30.75,0.15273824185697138,True,landmark within bearing,bearing
2,fixed_horizon_60,cox_causal_features,Bearing1_2,60.0,,,False,landmark within bearing,bearing
2,fixed_horizon_60,cox_causal_features,Bearing1_2,120.0,,,False,landmark within bearing,bearing
2,fixed_horizon_60,cox_causal_features,Bearing1_2,240.0,,,False,landmark within bearing,bearing
2,fixed_horizon_60,cox_causal_features,Bearing2_2,30.0,30.75,0.15207823460722017,True,landmark within bearing,bearing
2,fixed_horizon_60,cox_causal_features,Bearing2_2,60.0,,,False,landmark within bearing,bearing
2,fixed_horizon_60,cox_causal_features,Bearing2_2,120.0,,,False,landmark within bearing,bearing
2,fixed_horizon_60,cox_causal_features,Bearing2_2,240.0,,,False,landmark within bearing,bearing
2,fixed_horizon_60,cox_causal_features,Bearing3_2,30.0,30.75,0.07804642076396576,True,landmark within bearing,bearing
2,fixed_horizon_60,cox_causal_features,Bearing3_2,60.0,,,False,landmark within bearing,bearing
2,fixed_horizon_60,cox_causal_features,Bearing3_2,120.0,,,False,landmark within bearing,bearing
2,fixed_horizon_60,cox_causal_features,Bearing3_2,240.0,,,False,landmark within bearing,bearing
2,fixed_horizon_60,cox_context_only,Bearing1_2,30.0,30.75,0.26488640865128305,True,landmark within bearing,bearing
2,fixed_horizon_60,cox_context_only,Bearing1_2,60.0,,,False,landmark within bearing,bearing
2,fixed_horizon_60,cox_context_only,Bearing1_2,120.0,,,False,landmark within bearing,bearing
2,fixed_horizon_60,cox_context_only,Bearing1_2,240.0,,,False,landmark within bearing,bearing
2,fixed_horizon_60,cox_context_only,Bearing2_2,30.0,30.75,0.18464357886490626,True,landmark within bearing,bearing
2,fixed_horizon_60,cox_context_only,Bearing2_2,60.0,,,False,landmark within bearing,bearing
2,fixed_horizon_60,cox_context_only,Bearing2_2,120.0,,,False,landmark within bearing,bearing
2,fixed_horizon_60,cox_context_only,Bearing2_2,240.0,,,False,landmark within bearing,bearing
2,fixed_horizon_60,cox_context_only,Bearing3_2,30.0,30.75,0.03290332678281677,True,landmark within bearing,bearing
2,fixed_horizon_60,cox_context_only,Bearing3_2,60.0,,,False,landmark within bearing,bearing
2,fixed_horizon_60,cox_context_only,Bearing3_2,120.0,,,False,landmark within bearing,bearing
2,fixed_horizon_60,cox_context_only,Bearing3_2,240.0,,,False,landmark within bearing,bearing
2,fixed_horizon_60,landmark_km_baseline,Bearing1_2,30.0,30.75,0.1800044091710759,True,landmark within bearing,bearing
2,fixed_horizon_60,landmark_km_baseline,Bearing1_2,60.0,,,False,landmark within bearing,bearing
2,fixed_horizon_60,landmark_km_baseline,Bearing1_2,120.0,,,False,landmark within bearing,bearing
2,fixed_horizon_60,landmark_km_baseline,Bearing1_2,240.0,,,False,landmark within bearing,bearing
2,fixed_horizon_60,landmark_km_baseline,Bearing2_2,30.0,30.75,0.17669753086419762,True,landmark within bearing,bearing
2,fixed_horizon_60,landmark_km_baseline,Bearing2_2,60.0,,,False,landmark within bearing,bearing
2,fixed_horizon_60,landmark_km_baseline,Bearing2_2,120.0,,,False,landmark within bearing,bearing
2,fixed_horizon_60,landmark_km_baseline,Bearing2_2,240.0,,,False,landmark within bearing,bearing
2,fixed_horizon_60,landmark_km_baseline,Bearing3_2,30.0,30.75,0.13321275053731202,True,landmark within bearing,bearing
2,fixed_horizon_60,landmark_km_baseline,Bearing3_2,60.0,,,False,landmark within bearing,bearing
2,fixed_horizon_60,landmark_km_baseline,Bearing3_2,120.0,,,False,landmark within bearing,bearing
2,fixed_horizon_60,landmark_km_baseline,Bearing3_2,240.0,,,False,landmark within bearing,bearing
2,fixed_horizon_60,random_survival_forest,Bearing1_2,30.0,30.75,0.2635781058199849,True,landmark within bearing,bearing
2,fixed_horizon_60,random_survival_forest,Bearing1_2,60.0,,,False,landmark within bearing,bearing
2,fixed_horizon_60,random_survival_forest,Bearing1_2,120.0,,,False,landmark within bearing,bearing
2,fixed_horizon_60,random_survival_forest,Bearing1_2,240.0,,,False,landmark within bearing,bearing
2,fixed_horizon_60,random_survival_forest,Bearing2_2,30.0,30.75,0.1561489298847675,True,landmark within bearing,bearing
2,fixed_horizon_60,random_survival_forest,Bearing2_2,60.0,,,False,landmark within bearing,bearing
2,fixed_horizon_60,random_survival_forest,Bearing2_2,120.0,,,False,landmark within bearing,bearing
2,fixed_horizon_60,random_survival_forest,Bearing2_2,240.0,,,False,landmark within bearing,bearing
2,fixed_horizon_60,random_survival_forest,Bearing3_2,30.0,30.75,0.22735230664809494,True,landmark within bearing,bearing
2,fixed_horizon_60,random_survival_forest,Bearing3_2,60.0,,,False,landmark within bearing,bearing
2,fixed_horizon_60,random_survival_forest,Bearing3_2,120.0,,,False,landmark within bearing,bearing
2,fixed_horizon_60,random_survival_forest,Bearing3_2,240.0,,,False,landmark within bearing,bearing
2,full_event,cox_causal_features,Bearing3_2,30.0,,,False,landmark within bearing,bearing
2,full_event,cox_causal_features,Bearing3_2,60.0,71.60000000000001,0.16667691101709775,True,landmark within bearing,bearing
2,full_event,cox_causal_features,Bearing3_2,120.0,152.57500000000002,0.305728583737227,True,landmark within bearing,bearing
2,full_event,cox_causal_features,Bearing3_2,240.0,233.55,0.3249173215529965,True,landmark within bearing,bearing
2,full_event,cox_context_only,Bearing3_2,30.0,,,False,landmark within bearing,bearing
2,full_event,cox_context_only,Bearing3_2,60.0,71.60000000000001,0.10956746497177894,True,landmark within bearing,bearing
2,full_event,cox_context_only,Bearing3_2,120.0,152.57500000000002,0.20552433573934875,True,landmark within bearing,bearing
2,full_event,cox_context_only,Bearing3_2,240.0,233.55,0.24191639532761147,True,landmark within bearing,bearing
2,full_event,landmark_km_baseline,Bearing3_2,30.0,,,False,landmark within bearing,bearing
2,full_event,landmark_km_baseline,Bearing3_2,60.0,71.60000000000001,0.27708739441195596,True,landmark within bearing,bearing
2,full_event,landmark_km_baseline,Bearing3_2,120.0,152.57500000000002,0.4242015294646874,True,landmark within bearing,bearing
2,full_event,landmark_km_baseline,Bearing3_2,240.0,233.55,0.4460407607337433,True,landmark within bearing,bearing
2,full_event,random_survival_forest,Bearing3_2,30.0,,,False,landmark within bearing,bearing
2,full_event,random_survival_forest,Bearing3_2,60.0,71.60000000000001,0.26466303769813015,True,landmark within bearing,bearing
2,full_event,random_survival_forest,Bearing3_2,120.0,152.57500000000002,0.3691443024554321,True,landmark within bearing,bearing
2,full_event,random_survival_forest,Bearing3_2,240.0,233.55,0.5999362503388886,True,landmark within bearing,bearing
2,target_censoring_25,cox_causal_features,Bearing1_2,30.0,52.900000000000006,0.2784847048628502,True,landmark within bearing,bearing
2,target_censoring_25,cox_causal_features,Bearing1_2,60.0,52.900000000000006,0.2784847048628502,True,landmark within bearing,bearing
2,target_censoring_25,cox_causal_features,Bearing1_2,120.0,99.16666666666669,0.11549314692936676,True,landmark within bearing,bearing
2,target_censoring_25,cox_causal_features,Bearing1_2,240.0,,,False,landmark within bearing,bearing
2,target_censoring_25,cox_causal_features,Bearing2_2,30.0,52.900000000000006,0.24605482038787616,True,landmark within bearing,bearing
2,target_censoring_25,cox_causal_features,Bearing2_2,60.0,52.900000000000006,0.24605482038787616,True,landmark within bearing,bearing
2,target_censoring_25,cox_causal_features,Bearing2_2,120.0,99.16666666666669,0.08818267816684462,True,landmark within bearing,bearing
2,target_censoring_25,cox_causal_features,Bearing2_2,240.0,,,False,landmark within bearing,bearing
2,target_censoring_25,cox_causal_features,Bearing3_2,30.0,52.900000000000006,0.1391546859127491,True,landmark within bearing,bearing
2,target_censoring_25,cox_causal_features,Bearing3_2,60.0,52.900000000000006,0.1391546859127491,True,landmark within bearing,bearing
2,target_censoring_25,cox_causal_features,Bearing3_2,120.0,99.16666666666669,0.24321427082621475,True,landmark within bearing,bearing
2,target_censoring_25,cox_causal_features,Bearing3_2,240.0,237.9666666666667,0.29353529831465774,True,landmark within bearing,bearing
2,target_censoring_25,cox_context_only,Bearing1_2,30.0,52.900000000000006,0.3495392344830321,True,landmark within bearing,bearing
2,target_censoring_25,cox_context_only,Bearing1_2,60.0,52.900000000000006,0.3495392344830321,True,landmark within bearing,bearing
2,target_censoring_25,cox_context_only,Bearing1_2,120.0,99.16666666666669,0.23580223244366963,True,landmark within bearing,bearing
2,target_censoring_25,cox_context_only,Bearing1_2,240.0,,,False,landmark within bearing,bearing
2,target_censoring_25,cox_context_only,Bearing2_2,30.0,52.900000000000006,0.27702272428198865,True,landmark within bearing,bearing
2,target_censoring_25,cox_context_only,Bearing2_2,60.0,52.900000000000006,0.27702272428198865,True,landmark within bearing,bearing
2,target_censoring_25,cox_context_only,Bearing2_2,120.0,99.16666666666669,0.240122319422527,True,landmark within bearing,bearing
2,target_censoring_25,cox_context_only,Bearing2_2,240.0,,,False,landmark within bearing,bearing
2,target_censoring_25,cox_context_only,Bearing3_2,30.0,52.900000000000006,0.10560755633717517,True,landmark within bearing,bearing
2,target_censoring_25,cox_context_only,Bearing3_2,60.0,52.900000000000006,0.10560755633717517,True,landmark within bearing,bearing
2,target_censoring_25,cox_context_only,Bearing3_2,120.0,99.16666666666669,0.17493864079867763,True,landmark within bearing,bearing
2,target_censoring_25,cox_context_only,Bearing3_2,240.0,237.9666666666667,0.24275323838160387,True,landmark within bearing,bearing
2,target_censoring_25,landmark_km_baseline,Bearing1_2,30.0,52.900000000000006,0.26069223985890655,True,landmark within bearing,bearing
2,target_censoring_25,landmark_km_baseline,Bearing1_2,60.0,52.900000000000006,0.26069223985890655,True,landmark within bearing,bearing
2,target_censoring_25,landmark_km_baseline,Bearing1_2,120.0,99.16666666666669,0.2196869488536155,True,landmark within bearing,bearing
2,target_censoring_25,landmark_km_baseline,Bearing1_2,240.0,,,False,landmark within bearing,bearing
2,target_censoring_25,landmark_km_baseline,Bearing2_2,30.0,52.900000000000006,0.2600308641975309,True,landmark within bearing,bearing
2,target_censoring_25,landmark_km_baseline,Bearing2_2,60.0,52.900000000000006,0.2600308641975309,True,landmark within bearing,bearing
2,target_censoring_25,landmark_km_baseline,Bearing2_2,120.0,99.16666666666669,0.23225308641975306,True,landmark within bearing,bearing
2,target_censoring_25,landmark_km_baseline,Bearing2_2,240.0,,,False,landmark within bearing,bearing
2,target_censoring_25,landmark_km_baseline,Bearing3_2,30.0,52.900000000000006,0.2774247763282852,True,landmark within bearing,bearing
2,target_censoring_25,landmark_km_baseline,Bearing3_2,60.0,52.900000000000006,0.2774247763282852,True,landmark within bearing,bearing
2,target_censoring_25,landmark_km_baseline,Bearing3_2,120.0,99.16666666666669,0.39749525166191846,True,landmark within bearing,bearing
2,target_censoring_25,landmark_km_baseline,Bearing3_2,240.0,237.9666666666667,0.44525353626230835,True,landmark within bearing,bearing
2,target_censoring_25,random_survival_forest,Bearing1_2,30.0,52.900000000000006,0.22061422437603495,True,landmark within bearing,bearing
2,target_censoring_25,random_survival_forest,Bearing1_2,60.0,52.900000000000006,0.22061422437603495,True,landmark within bearing,bearing
2,target_censoring_25,random_survival_forest,Bearing1_2,120.0,99.16666666666669,0.1407390384973008,True,landmark within bearing,bearing
2,target_censoring_25,random_survival_forest,Bearing1_2,240.0,,,False,landmark within bearing,bearing
2,target_censoring_25,random_survival_forest,Bearing2_2,30.0,52.900000000000006,0.17635366381682893,True,landmark within bearing,bearing
2,target_censoring_25,random_survival_forest,Bearing2_2,60.0,52.900000000000006,0.17635366381682893,True,landmark within bearing,bearing
2,target_censoring_25,random_survival_forest,Bearing2_2,120.0,99.16666666666669,0.06975726430600623,True,landmark within bearing,bearing
2,target_censoring_25,random_survival_forest,Bearing2_2,240.0,,,False,landmark within bearing,bearing
2,target_censoring_25,random_survival_forest,Bearing3_2,30.0,52.900000000000006,0.22812688799701988,True,landmark within bearing,bearing
2,target_censoring_25,random_survival_forest,Bearing3_2,60.0,52.900000000000006,0.22812688799701988,True,landmark within bearing,bearing
2,target_censoring_25,random_survival_forest,Bearing3_2,120.0,99.16666666666669,0.29575274927913703,True,landmark within bearing,bearing
2,target_censoring_25,random_survival_forest,Bearing3_2,240.0,237.9666666666667,0.5904574690347387,True,landmark within bearing,bearing
2,target_censoring_50,cox_causal_features,Bearing1_2,30.0,36.0,0.216109606259952,True,landmark within bearing,bearing
2,target_censoring_50,cox_causal_features,Bearing1_2,60.0,58.974999999999994,0.22152923426141088,True,landmark within bearing,bearing
2,target_censoring_50,cox_causal_features,Bearing1_2,120.0,127.89999999999999,0.08179308346767793,True,landmark within bearing,bearing
2,target_censoring_50,cox_causal_features,Bearing1_2,240.0,,,False,landmark within bearing,bearing
2,target_censoring_50,cox_causal_features,Bearing2_2,30.0,36.0,0.2012193841956245,True,landmark within bearing,bearing
2,target_censoring_50,cox_causal_features,Bearing2_2,60.0,58.974999999999994,0.20350487497985278,True,landmark within bearing,bearing
2,target_censoring_50,cox_causal_features,Bearing2_2,120.0,127.89999999999999,0.13011245053503187,True,landmark within bearing,bearing
2,target_censoring_50,cox_causal_features,Bearing2_2,240.0,,,False,landmark within bearing,bearing
2,target_censoring_50,cox_causal_features,Bearing3_2,30.0,36.0,0.08663848176034004,True,landmark within bearing,bearing
2,target_censoring_50,cox_causal_features,Bearing3_2,60.0,58.974999999999994,0.14841520556047047,True,landmark within bearing,bearing
2,target_censoring_50,cox_causal_features,Bearing3_2,120.0,127.89999999999999,0.28328991857501323,True,landmark within bearing,bearing
2,target_censoring_50,cox_causal_features,Bearing3_2,240.0,242.77499999999998,0.29757194885454963,True,landmark within bearing,bearing
2,target_censoring_50,cox_context_only,Bearing1_2,30.0,36.0,0.2883051292090798,True,landmark within bearing,bearing
2,target_censoring_50,cox_context_only,Bearing1_2,60.0,58.974999999999994,0.32821267299137746,True,landmark within bearing,bearing
2,target_censoring_50,cox_context_only,Bearing1_2,120.0,127.89999999999999,0.12713601831679452,True,landmark within bearing,bearing
2,target_censoring_50,cox_context_only,Bearing1_2,240.0,,,False,landmark within bearing,bearing
2,target_censoring_50,cox_context_only,Bearing2_2,30.0,36.0,0.22968705860185942,True,landmark within bearing,bearing
2,target_censoring_50,cox_context_only,Bearing2_2,60.0,58.974999999999994,0.27992588050645323,True,landmark within bearing,bearing
2,target_censoring_50,cox_context_only,Bearing2_2,120.0,127.89999999999999,0.15694317337014663,True,landmark within bearing,bearing
2,target_censoring_50,cox_context_only,Bearing2_2,240.0,,,False,landmark within bearing,bearing
2,target_censoring_50,cox_context_only,Bearing3_2,30.0,36.0,0.054611155729473206,True,landmark within bearing,bearing
2,target_censoring_50,cox_context_only,Bearing3_2,60.0,58.974999999999994,0.0960738504376745,True,landmark within bearing,bearing
2,target_censoring_50,cox_context_only,Bearing3_2,120.0,127.89999999999999,0.183726009569732,True,landmark within bearing,bearing
2,target_censoring_50,cox_context_only,Bearing3_2,240.0,242.77499999999998,0.23132734984896042,True,landmark within bearing,bearing
2,target_censoring_50,landmark_km_baseline,Bearing1_2,30.0,36.0,0.20932539682539694,True,landmark within bearing,bearing
2,target_censoring_50,landmark_km_baseline,Bearing1_2,60.0,58.974999999999994,0.2567239858906526,True,landmark within bearing,bearing
2,target_censoring_50,landmark_km_baseline,Bearing1_2,120.0,127.89999999999999,0.15873015873015864,True,landmark within bearing,bearing
2,target_censoring_50,landmark_km_baseline,Bearing1_2,240.0,,,False,landmark within bearing,bearing
2,target_censoring_50,landmark_km_baseline,Bearing2_2,30.0,36.0,0.2125000000000001,True,landmark within bearing,bearing
2,target_censoring_50,landmark_km_baseline,Bearing2_2,60.0,58.974999999999994,0.258179012345679,True,landmark within bearing,bearing
2,target_censoring_50,landmark_km_baseline,Bearing2_2,120.0,127.89999999999999,0.16666666666666655,True,landmark within bearing,bearing
2,target_censoring_50,landmark_km_baseline,Bearing2_2,240.0,,,False,landmark within bearing,bearing
2,target_censoring_50,landmark_km_baseline,Bearing3_2,30.0,36.0,0.17563540260908692,True,landmark within bearing,bearing
2,target_censoring_50,landmark_km_baseline,Bearing3_2,60.0,58.974999999999994,0.27731231568950876,True,landmark within bearing,bearing
2,target_censoring_50,landmark_km_baseline,Bearing3_2,120.0,127.89999999999999,0.42757534862798036,True,landmark within bearing,bearing
2,target_censoring_50,landmark_km_baseline,Bearing3_2,240.0,242.77499999999998,0.44446631179087326,True,landmark within bearing,bearing
2,target_censoring_50,random_survival_forest,Bearing1_2,30.0,36.0,0.19448159219275823,True,landmark within bearing,bearing
2,target_censoring_50,random_survival_forest,Bearing1_2,60.0,58.974999999999994,0.22062935314913237,True,landmark within bearing,bearing
2,target_censoring_50,random_survival_forest,Bearing1_2,120.0,127.89999999999999,0.047248570147557185,True,landmark within bearing,bearing
2,target_censoring_50,random_survival_forest,Bearing1_2,240.0,,,False,landmark within bearing,bearing
2,target_censoring_50,random_survival_forest,Bearing2_2,30.0,36.0,0.18445038889934934,True,landmark within bearing,bearing
2,target_censoring_50,random_survival_forest,Bearing2_2,60.0,58.974999999999994,0.20237265487891948,True,landmark within bearing,bearing
2,target_censoring_50,random_survival_forest,Bearing2_2,120.0,127.89999999999999,0.08562296490364966,True,landmark within bearing,bearing
2,target_censoring_50,random_survival_forest,Bearing2_2,240.0,,,False,landmark within bearing,bearing
2,target_censoring_50,random_survival_forest,Bearing3_2,30.0,36.0,0.24037346773516552,True,landmark within bearing,bearing
2,target_censoring_50,random_survival_forest,Bearing3_2,60.0,58.974999999999994,0.30571603967216293,True,landmark within bearing,bearing
2,target_censoring_50,random_survival_forest,Bearing3_2,120.0,127.89999999999999,0.4146095193382785,True,landmark within bearing,bearing
2,target_censoring_50,random_survival_forest,Bearing3_2,240.0,242.77499999999998,0.6177899963975723,True,landmark within bearing,bearing
2,target_censoring_75,cox_causal_features,Bearing1_2,30.0,33.666666666666664,0.15619475236286773,True,landmark within bearing,bearing
2,target_censoring_75,cox_causal_features,Bearing1_2,60.0,57.166666666666664,0.21455355921094815,True,landmark within bearing,bearing
2,target_censoring_75,cox_causal_features,Bearing1_2,120.0,119.83333333333333,0.09958965080585454,True,landmark within bearing,bearing
2,target_censoring_75,cox_causal_features,Bearing1_2,240.0,,,False,landmark within bearing,bearing
2,target_censoring_75,cox_causal_features,Bearing2_2,30.0,33.666666666666664,0.17779279136346737,True,landmark within bearing,bearing
2,target_censoring_75,cox_causal_features,Bearing2_2,60.0,57.166666666666664,0.22284883186131457,True,landmark within bearing,bearing
2,target_censoring_75,cox_causal_features,Bearing2_2,120.0,119.83333333333333,0.1137943695106836,True,landmark within bearing,bearing
2,target_censoring_75,cox_causal_features,Bearing2_2,240.0,,,False,landmark within bearing,bearing
2,target_censoring_75,cox_causal_features,Bearing3_2,30.0,33.666666666666664,0.13747906052779538,True,landmark within bearing,bearing
2,target_censoring_75,cox_causal_features,Bearing3_2,60.0,57.166666666666664,0.2750218918398999,True,landmark within bearing,bearing
2,target_censoring_75,cox_causal_features,Bearing3_2,120.0,119.83333333333333,0.48109886339340313,True,landmark within bearing,bearing
2,target_censoring_75,cox_causal_features,Bearing3_2,240.0,,,False,landmark within bearing,bearing
2,target_censoring_75,cox_context_only,Bearing1_2,30.0,33.666666666666664,0.3083018968491965,True,landmark within bearing,bearing
2,target_censoring_75,cox_context_only,Bearing1_2,60.0,57.166666666666664,0.3877034898232025,True,landmark within bearing,bearing
2,target_censoring_75,cox_context_only,Bearing1_2,120.0,119.83333333333333,0.15613843523750606,True,landmark within bearing,bearing
2,target_censoring_75,cox_context_only,Bearing1_2,240.0,,,False,landmark within bearing,bearing
2,target_censoring_75,cox_context_only,Bearing2_2,30.0,33.666666666666664,0.21509179311942717,True,landmark within bearing,bearing
2,target_censoring_75,cox_context_only,Bearing2_2,60.0,57.166666666666664,0.2879329655282011,True,landmark within bearing,bearing
2,target_censoring_75,cox_context_only,Bearing2_2,120.0,119.83333333333333,0.19225568615866234,True,landmark within bearing,bearing
2,target_censoring_75,cox_context_only,Bearing2_2,240.0,,,False,landmark within bearing,bearing
2,target_censoring_75,cox_context_only,Bearing3_2,30.0,33.666666666666664,0.028994403501215876,True,landmark within bearing,bearing
2,target_censoring_75,cox_context_only,Bearing3_2,60.0,57.166666666666664,0.05839492380058577,True,landmark within bearing,bearing
2,target_censoring_75,cox_context_only,Bearing3_2,120.0,119.83333333333333,0.11821492451044029,True,landmark within bearing,bearing
2,target_censoring_75,cox_context_only,Bearing3_2,240.0,,,False,landmark within bearing,bearing
2,target_censoring_75,landmark_km_baseline,Bearing1_2,30.0,33.666666666666664,0.19885361552028225,True,landmark within bearing,bearing
2,target_censoring_75,landmark_km_baseline,Bearing1_2,60.0,57.166666666666664,0.25870811287477957,True,landmark within bearing,bearing
2,target_censoring_75,landmark_km_baseline,Bearing1_2,120.0,119.83333333333333,0.17063492063492053,True,landmark within bearing,bearing
2,target_censoring_75,landmark_km_baseline,Bearing1_2,240.0,,,False,landmark within bearing,bearing
2,target_censoring_75,landmark_km_baseline,Bearing2_2,30.0,33.666666666666664,0.19567901234567905,True,landmark within bearing,bearing
2,target_censoring_75,landmark_km_baseline,Bearing2_2,60.0,57.166666666666664,0.258179012345679,True,landmark within bearing,bearing
2,target_censoring_75,landmark_km_baseline,Bearing2_2,120.0,119.83333333333333,0.1888888888888888,True,landmark within bearing,bearing
2,target_censoring_75,landmark_km_baseline,Bearing2_2,240.0,,,False,landmark within bearing,bearing
2,target_censoring_75,landmark_km_baseline,Bearing3_2,30.0,33.666666666666664,0.15393362323186902,True,landmark within bearing,bearing
2,target_censoring_75,landmark_km_baseline,Bearing3_2,60.0,57.166666666666664,0.27731231568950876,True,landmark within bearing,bearing
2,target_censoring_75,landmark_km_baseline,Bearing3_2,120.0,119.83333333333333,0.4289248762932975,True,landmark within bearing,bearing
2,target_censoring_75,landmark_km_baseline,Bearing3_2,240.0,,,False,landmark within bearing,bearing
2,target_censoring_75,random_survival_forest,Bearing1_2,30.0,33.666666666666664,0.17845063917585696,True,landmark within bearing,bearing
2,target_censoring_75,random_survival_forest,Bearing1_2,60.0,57.166666666666664,0.20322535276549855,True,landmark within bearing,bearing
2,target_censoring_75,random_survival_forest,Bearing1_2,120.0,119.83333333333333,0.061134840832707434,True,landmark within bearing,bearing
2,target_censoring_75,random_survival_forest,Bearing1_2,240.0,,,False,landmark within bearing,bearing
2,target_censoring_75,random_survival_forest,Bearing2_2,30.0,33.666666666666664,0.17026945967057447,True,landmark within bearing,bearing
2,target_censoring_75,random_survival_forest,Bearing2_2,60.0,57.166666666666664,0.18064528226625576,True,landmark within bearing,bearing
2,target_censoring_75,random_survival_forest,Bearing2_2,120.0,119.83333333333333,0.04983144772146033,True,landmark within bearing,bearing
2,target_censoring_75,random_survival_forest,Bearing2_2,240.0,,,False,landmark within bearing,bearing
2,target_censoring_75,random_survival_forest,Bearing3_2,30.0,33.666666666666664,0.17759049835479807,True,landmark within bearing,bearing
2,target_censoring_75,random_survival_forest,Bearing3_2,60.0,57.166666666666664,0.2554198767107557,True,landmark within bearing,bearing
2,target_censoring_75,random_survival_forest,Bearing3_2,120.0,119.83333333333333,0.3669546558006471,True,landmark within bearing,bearing
2,target_censoring_75,random_survival_forest,Bearing3_2,240.0,,,False,landmark within bearing,bearing
3,fixed_horizon_120,cox_causal_features,Bearing1_3,30.0,28.958333333333336,0.08779605812169931,True,landmark within bearing,bearing
3,fixed_horizon_120,cox_causal_features,Bearing1_3,60.0,57.708333333333336,0.15783555210393524,True,landmark within bearing,bearing
3,fixed_horizon_120,cox_causal_features,Bearing1_3,120.0,,,False,landmark within bearing,bearing
3,fixed_horizon_120,cox_causal_features,Bearing1_3,240.0,,,False,landmark within bearing,bearing
3,fixed_horizon_120,cox_causal_features,Bearing2_3,30.0,28.958333333333336,0.18269773497998887,True,landmark within bearing,bearing
3,fixed_horizon_120,cox_causal_features,Bearing2_3,60.0,57.708333333333336,0.25168221230527754,True,landmark within bearing,bearing
3,fixed_horizon_120,cox_causal_features,Bearing2_3,120.0,,,False,landmark within bearing,bearing
3,fixed_horizon_120,cox_causal_features,Bearing2_3,240.0,,,False,landmark within bearing,bearing
3,fixed_horizon_120,cox_causal_features,Bearing3_3,30.0,28.958333333333336,0.036350643769835246,True,landmark within bearing,bearing
3,fixed_horizon_120,cox_causal_features,Bearing3_3,60.0,57.708333333333336,0.10147996081770548,True,landmark within bearing,bearing
3,fixed_horizon_120,cox_causal_features,Bearing3_3,120.0,,,False,landmark within bearing,bearing
3,fixed_horizon_120,cox_causal_features,Bearing3_3,240.0,,,False,landmark within bearing,bearing
3,fixed_horizon_120,cox_context_only,Bearing1_3,30.0,28.958333333333336,0.20433463976468486,True,landmark within bearing,bearing
3,fixed_horizon_120,cox_context_only,Bearing1_3,60.0,57.708333333333336,0.35402504356487374,True,landmark within bearing,bearing
3,fixed_horizon_120,cox_context_only,Bearing1_3,120.0,,,False,landmark within bearing,bearing
3,fixed_horizon_120,cox_context_only,Bearing1_3,240.0,,,False,landmark within bearing,bearing
3,fixed_horizon_120,cox_context_only,Bearing2_3,30.0,28.958333333333336,0.0755773247478795,True,landmark within bearing,bearing
3,fixed_horizon_120,cox_context_only,Bearing2_3,60.0,57.708333333333336,0.2063653005696512,True,landmark within bearing,bearing
3,fixed_horizon_120,cox_context_only,Bearing2_3,120.0,,,False,landmark within bearing,bearing
3,fixed_horizon_120,cox_context_only,Bearing2_3,240.0,,,False,landmark within bearing,bearing
3,fixed_horizon_120,cox_context_only,Bearing3_3,30.0,28.958333333333336,0.092051587107054,True,landmark within bearing,bearing
3,fixed_horizon_120,cox_context_only,Bearing3_3,60.0,57.708333333333336,0.20657927431740872,True,landmark within bearing,bearing
3,fixed_horizon_120,cox_context_only,Bearing3_3,120.0,,,False,landmark within bearing,bearing
3,fixed_horizon_120,cox_context_only,Bearing3_3,240.0,,,False,landmark within bearing,bearing
3,fixed_horizon_120,landmark_km_baseline,Bearing1_3,30.0,28.958333333333336,0.14600823045267491,True,landmark within bearing,bearing
3,fixed_horizon_120,landmark_km_baseline,Bearing1_3,60.0,57.708333333333336,0.24724279835390947,True,landmark within bearing,bearing
3,fixed_horizon_120,landmark_km_baseline,Bearing1_3,120.0,,,False,landmark within bearing,bearing
3,fixed_horizon_120,landmark_km_baseline,Bearing1_3,240.0,,,False,landmark within bearing,bearing
3,fixed_horizon_120,landmark_km_baseline,Bearing2_3,30.0,28.958333333333336,0.09985376962723244,True,landmark within bearing,bearing
3,fixed_horizon_120,landmark_km_baseline,Bearing2_3,60.0,57.708333333333336,0.24116984298214064,True,landmark within bearing,bearing
3,fixed_horizon_120,landmark_km_baseline,Bearing2_3,120.0,,,False,landmark within bearing,bearing
3,fixed_horizon_120,landmark_km_baseline,Bearing2_3,240.0,,,False,landmark within bearing,bearing
3,fixed_horizon_120,landmark_km_baseline,Bearing3_3,30.0,28.958333333333336,0.11319074943488092,True,landmark within bearing,bearing
3,fixed_horizon_120,landmark_km_baseline,Bearing3_3,60.0,57.708333333333336,0.2421422361328464,True,landmark within bearing,bearing
3,fixed_horizon_120,landmark_km_baseline,Bearing3_3,120.0,,,False,landmark within bearing,bearing
3,fixed_horizon_120,landmark_km_baseline,Bearing3_3,240.0,,,False,landmark within bearing,bearing
3,fixed_horizon_120,random_survival_forest,Bearing1_3,30.0,28.958333333333336,0.08945132047465257,True,landmark within bearing,bearing
3,fixed_horizon_120,random_survival_forest,Bearing1_3,60.0,57.708333333333336,0.1344363422660789,True,landmark within bearing,bearing
3,fixed_horizon_120,random_survival_forest,Bearing1_3,120.0,,,False,landmark within bearing,bearing
3,fixed_horizon_120,random_survival_forest,Bearing1_3,240.0,,,False,landmark within bearing,bearing
3,fixed_horizon_120,random_survival_forest,Bearing2_3,30.0,28.958333333333336,0.1358240654680425,True,landmark within bearing,bearing
3,fixed_horizon_120,random_survival_forest,Bearing2_3,60.0,57.708333333333336,0.21216548894554393,True,landmark within bearing,bearing
3,fixed_horizon_120,random_survival_forest,Bearing2_3,120.0,,,False,landmark within bearing,bearing
3,fixed_horizon_120,random_survival_forest,Bearing2_3,240.0,,,False,landmark within bearing,bearing
3,fixed_horizon_120,random_survival_forest,Bearing3_3,30.0,28.958333333333336,0.028692685857670683,True,landmark within bearing,bearing
3,fixed_horizon_120,random_survival_forest,Bearing3_3,60.0,57.708333333333336,0.08219832588789731,True,landmark within bearing,bearing
3,fixed_horizon_120,random_survival_forest,Bearing3_3,120.0,,,False,landmark within bearing,bearing
3,fixed_horizon_120,random_survival_forest,Bearing3_3,240.0,,,False,landmark within bearing,bearing
3,fixed_horizon_240,cox_causal_features,Bearing1_3,30.0,28.799999999999997,0.08091009055623156,True,landmark within bearing,bearing
3,fixed_horizon_240,cox_causal_features,Bearing1_3,60.0,57.6,0.15547053304773997,True,landmark within bearing,bearing
3,fixed_horizon_240,cox_causal_features,Bearing1_3,120.0,124.79999999999998,0.2224619084343816,True,landmark within bearing,bearing
3,fixed_horizon_240,cox_causal_features,Bearing1_3,240.0,,,False,landmark within bearing,bearing
3,fixed_horizon_240,cox_causal_features,Bearing2_3,30.0,28.799999999999997,0.16035936062463998,True,landmark within bearing,bearing
3,fixed_horizon_240,cox_causal_features,Bearing2_3,60.0,57.6,0.21582429270838577,True,landmark within bearing,bearing
3,fixed_horizon_240,cox_causal_features,Bearing2_3,120.0,124.79999999999998,0.22632133624817524,True,landmark within bearing,bearing
3,fixed_horizon_240,cox_causal_features,Bearing2_3,240.0,,,False,landmark within bearing,bearing
3,fixed_horizon_240,cox_causal_features,Bearing3_3,30.0,28.799999999999997,0.02050207764868885,True,landmark within bearing,bearing
3,fixed_horizon_240,cox_causal_features,Bearing3_3,60.0,57.6,0.08153896382899979,True,landmark within bearing,bearing
3,fixed_horizon_240,cox_causal_features,Bearing3_3,120.0,124.79999999999998,0.20716548096330697,True,landmark within bearing,bearing
3,fixed_horizon_240,cox_causal_features,Bearing3_3,240.0,,,False,landmark within bearing,bearing
3,fixed_horizon_240,cox_context_only,Bearing1_3,30.0,28.799999999999997,0.20982381826636573,True,landmark within bearing,bearing
3,fixed_horizon_240,cox_context_only,Bearing1_3,60.0,57.6,0.36457758522667433,True,landmark within bearing,bearing
3,fixed_horizon_240,cox_context_only,Bearing1_3,120.0,124.79999999999998,0.11139279930319235,True,landmark within bearing,bearing
3,fixed_horizon_240,cox_context_only,Bearing1_3,240.0,,,False,landmark within bearing,bearing
3,fixed_horizon_240,cox_context_only,Bearing2_3,30.0,28.799999999999997,0.07340410229103182,True,landmark within bearing,bearing
3,fixed_horizon_240,cox_context_only,Bearing2_3,60.0,57.6,0.20153881275973018,True,landmark within bearing,bearing
3,fixed_horizon_240,cox_context_only,Bearing2_3,120.0,124.79999999999998,0.44841965824459834,True,landmark within bearing,bearing
3,fixed_horizon_240,cox_context_only,Bearing2_3,240.0,,,False,landmark within bearing,bearing
3,fixed_horizon_240,cox_context_only,Bearing3_3,30.0,28.799999999999997,0.09073899203115657,True,landmark within bearing,bearing
3,fixed_horizon_240,cox_context_only,Bearing3_3,60.0,57.6,0.20379654968538244,True,landmark within bearing,bearing
3,fixed_horizon_240,cox_context_only,Bearing3_3,120.0,124.79999999999998,0.4113077177633956,True,landmark within bearing,bearing
3,fixed_horizon_240,cox_context_only,Bearing3_3,240.0,,,False,landmark within bearing,bearing
3,fixed_horizon_240,landmark_km_baseline,Bearing1_3,30.0,28.799999999999997,0.14600823045267491,True,landmark within bearing,bearing
3,fixed_horizon_240,landmark_km_baseline,Bearing1_3,60.0,57.6,0.24724279835390947,True,landmark within bearing,bearing
3,fixed_horizon_240,landmark_km_baseline,Bearing1_3,120.0,124.79999999999998,0.13037037037037036,True,landmark within bearing,bearing
3,fixed_horizon_240,landmark_km_baseline,Bearing1_3,240.0,,,False,landmark within bearing,bearing
3,fixed_horizon_240,landmark_km_baseline,Bearing2_3,30.0,28.799999999999997,0.09985376962723244,True,landmark within bearing,bearing
3,fixed_horizon_240,landmark_km_baseline,Bearing2_3,60.0,57.6,0.24116984298214064,True,landmark within bearing,bearing
3,fixed_horizon_240,landmark_km_baseline,Bearing2_3,120.0,124.79999999999998,0.4072971353230251,True,landmark within bearing,bearing
3,fixed_horizon_240,landmark_km_baseline,Bearing2_3,240.0,,,False,landmark within bearing,bearing
3,fixed_horizon_240,landmark_km_baseline,Bearing3_3,30.0,28.799999999999997,0.11319074943488092,True,landmark within bearing,bearing
3,fixed_horizon_240,landmark_km_baseline,Bearing3_3,60.0,57.6,0.2421422361328464,True,landmark within bearing,bearing
3,fixed_horizon_240,landmark_km_baseline,Bearing3_3,120.0,124.79999999999998,0.36295600765084324,True,landmark within bearing,bearing
3,fixed_horizon_240,landmark_km_baseline,Bearing3_3,240.0,,,False,landmark within bearing,bearing
3,fixed_horizon_240,random_survival_forest,Bearing1_3,30.0,28.799999999999997,0.1314730197245086,True,landmark within bearing,bearing
3,fixed_horizon_240,random_survival_forest,Bearing1_3,60.0,57.6,0.18345082567329257,True,landmark within bearing,bearing
3,fixed_horizon_240,random_survival_forest,Bearing1_3,120.0,124.79999999999998,0.24224413800919156,True,landmark within bearing,bearing
3,fixed_horizon_240,random_survival_forest,Bearing1_3,240.0,,,False,landmark within bearing,bearing
3,fixed_horizon_240,random_survival_forest,Bearing2_3,30.0,28.799999999999997,0.14497219686621113,True,landmark within bearing,bearing
3,fixed_horizon_240,random_survival_forest,Bearing2_3,60.0,57.6,0.22491177193244868,True,landmark within bearing,bearing
3,fixed_horizon_240,random_survival_forest,Bearing2_3,120.0,124.79999999999998,0.2695053262758727,True,landmark within bearing,bearing
3,fixed_horizon_240,random_survival_forest,Bearing2_3,240.0,,,False,landmark within bearing,bearing
3,fixed_horizon_240,random_survival_forest,Bearing3_3,30.0,28.799999999999997,0.038058455151238214,True,landmark within bearing,bearing
3,fixed_horizon_240,random_survival_forest,Bearing3_3,60.0,57.6,0.09102086888844127,True,landmark within bearing,bearing
3,fixed_horizon_240,random_survival_forest,Bearing3_3,120.0,124.79999999999998,0.2788361919410723,True,landmark within bearing,bearing
3,fixed_horizon_240,random_survival_forest,Bearing3_3,240.0,,,False,landmark within bearing,bearing
3,fixed_horizon_30,cox_causal_features,Bearing1_3,30.0,,,False,landmark within bearing,bearing
3,fixed_horizon_30,cox_causal_features,Bearing1_3,60.0,,,False,landmark within bearing,bearing
3,fixed_horizon_30,cox_causal_features,Bearing1_3,120.0,,,False,landmark within bearing,bearing
3,fixed_horizon_30,cox_causal_features,Bearing1_3,240.0,,,False,landmark within bearing,bearing
3,fixed_horizon_30,cox_causal_features,Bearing2_3,30.0,,,False,landmark within bearing,bearing
3,fixed_horizon_30,cox_causal_features,Bearing2_3,60.0,,,False,landmark within bearing,bearing
3,fixed_horizon_30,cox_causal_features,Bearing2_3,120.0,,,False,landmark within bearing,bearing
3,fixed_horizon_30,cox_causal_features,Bearing2_3,240.0,,,False,landmark within bearing,bearing
3,fixed_horizon_30,cox_causal_features,Bearing3_3,30.0,,,False,landmark within bearing,bearing
3,fixed_horizon_30,cox_causal_features,Bearing3_3,60.0,,,False,landmark within bearing,bearing
3,fixed_horizon_30,cox_causal_features,Bearing3_3,120.0,,,False,landmark within bearing,bearing
3,fixed_horizon_30,cox_causal_features,Bearing3_3,240.0,,,False,landmark within bearing,bearing
3,fixed_horizon_30,cox_context_only,Bearing1_3,30.0,,,False,landmark within bearing,bearing
3,fixed_horizon_30,cox_context_only,Bearing1_3,60.0,,,False,landmark within bearing,bearing
3,fixed_horizon_30,cox_context_only,Bearing1_3,120.0,,,False,landmark within bearing,bearing
3,fixed_horizon_30,cox_context_only,Bearing1_3,240.0,,,False,landmark within bearing,bearing
3,fixed_horizon_30,cox_context_only,Bearing2_3,30.0,,,False,landmark within bearing,bearing
3,fixed_horizon_30,cox_context_only,Bearing2_3,60.0,,,False,landmark within bearing,bearing
3,fixed_horizon_30,cox_context_only,Bearing2_3,120.0,,,False,landmark within bearing,bearing
3,fixed_horizon_30,cox_context_only,Bearing2_3,240.0,,,False,landmark within bearing,bearing
3,fixed_horizon_30,cox_context_only,Bearing3_3,30.0,,,False,landmark within bearing,bearing
3,fixed_horizon_30,cox_context_only,Bearing3_3,60.0,,,False,landmark within bearing,bearing
3,fixed_horizon_30,cox_context_only,Bearing3_3,120.0,,,False,landmark within bearing,bearing
3,fixed_horizon_30,cox_context_only,Bearing3_3,240.0,,,False,landmark within bearing,bearing
3,fixed_horizon_30,landmark_km_baseline,Bearing1_3,30.0,,,False,landmark within bearing,bearing
3,fixed_horizon_30,landmark_km_baseline,Bearing1_3,60.0,,,False,landmark within bearing,bearing
3,fixed_horizon_30,landmark_km_baseline,Bearing1_3,120.0,,,False,landmark within bearing,bearing
3,fixed_horizon_30,landmark_km_baseline,Bearing1_3,240.0,,,False,landmark within bearing,bearing
3,fixed_horizon_30,landmark_km_baseline,Bearing2_3,30.0,,,False,landmark within bearing,bearing
3,fixed_horizon_30,landmark_km_baseline,Bearing2_3,60.0,,,False,landmark within bearing,bearing
3,fixed_horizon_30,landmark_km_baseline,Bearing2_3,120.0,,,False,landmark within bearing,bearing
3,fixed_horizon_30,landmark_km_baseline,Bearing2_3,240.0,,,False,landmark within bearing,bearing
3,fixed_horizon_30,landmark_km_baseline,Bearing3_3,30.0,,,False,landmark within bearing,bearing
3,fixed_horizon_30,landmark_km_baseline,Bearing3_3,60.0,,,False,landmark within bearing,bearing
3,fixed_horizon_30,landmark_km_baseline,Bearing3_3,120.0,,,False,landmark within bearing,bearing
3,fixed_horizon_30,landmark_km_baseline,Bearing3_3,240.0,,,False,landmark within bearing,bearing
3,fixed_horizon_30,random_survival_forest,Bearing1_3,30.0,,,False,landmark within bearing,bearing
3,fixed_horizon_30,random_survival_forest,Bearing1_3,60.0,,,False,landmark within bearing,bearing
3,fixed_horizon_30,random_survival_forest,Bearing1_3,120.0,,,False,landmark within bearing,bearing
3,fixed_horizon_30,random_survival_forest,Bearing1_3,240.0,,,False,landmark within bearing,bearing
3,fixed_horizon_30,random_survival_forest,Bearing2_3,30.0,,,False,landmark within bearing,bearing
3,fixed_horizon_30,random_survival_forest,Bearing2_3,60.0,,,False,landmark within bearing,bearing
3,fixed_horizon_30,random_survival_forest,Bearing2_3,120.0,,,False,landmark within bearing,bearing
3,fixed_horizon_30,random_survival_forest,Bearing2_3,240.0,,,False,landmark within bearing,bearing
3,fixed_horizon_30,random_survival_forest,Bearing3_3,30.0,,,False,landmark within bearing,bearing
3,fixed_horizon_30,random_survival_forest,Bearing3_3,60.0,,,False,landmark within bearing,bearing
3,fixed_horizon_30,random_survival_forest,Bearing3_3,120.0,,,False,landmark within bearing,bearing
3,fixed_horizon_30,random_survival_forest,Bearing3_3,240.0,,,False,landmark within bearing,bearing
3,fixed_horizon_60,cox_causal_features,Bearing1_3,30.0,30.208333333333332,0.12482814484048352,True,landmark within bearing,bearing
3,fixed_horizon_60,cox_causal_features,Bearing1_3,60.0,,,False,landmark within bearing,bearing
3,fixed_horizon_60,cox_causal_features,Bearing1_3,120.0,,,False,landmark within bearing,bearing
3,fixed_horizon_60,cox_causal_features,Bearing1_3,240.0,,,False,landmark within bearing,bearing
3,fixed_horizon_60,cox_causal_features,Bearing2_3,30.0,30.208333333333332,0.18522467074256993,True,landmark within bearing,bearing
3,fixed_horizon_60,cox_causal_features,Bearing2_3,60.0,,,False,landmark within bearing,bearing
3,fixed_horizon_60,cox_causal_features,Bearing2_3,120.0,,,False,landmark within bearing,bearing
3,fixed_horizon_60,cox_causal_features,Bearing2_3,240.0,,,False,landmark within bearing,bearing
3,fixed_horizon_60,cox_causal_features,Bearing3_3,30.0,30.208333333333332,0.06393837488620287,True,landmark within bearing,bearing
3,fixed_horizon_60,cox_causal_features,Bearing3_3,60.0,,,False,landmark within bearing,bearing
3,fixed_horizon_60,cox_causal_features,Bearing3_3,120.0,,,False,landmark within bearing,bearing
3,fixed_horizon_60,cox_causal_features,Bearing3_3,240.0,,,False,landmark within bearing,bearing
3,fixed_horizon_60,cox_context_only,Bearing1_3,30.0,30.208333333333332,0.23145819001193071,True,landmark within bearing,bearing
3,fixed_horizon_60,cox_context_only,Bearing1_3,60.0,,,False,landmark within bearing,bearing
3,fixed_horizon_60,cox_context_only,Bearing1_3,120.0,,,False,landmark within bearing,bearing
3,fixed_horizon_60,cox_context_only,Bearing1_3,240.0,,,False,landmark within bearing,bearing
3,fixed_horizon_60,cox_context_only,Bearing2_3,30.0,30.208333333333332,0.10302314220756427,True,landmark within bearing,bearing
3,fixed_horizon_60,cox_context_only,Bearing2_3,60.0,,,False,landmark within bearing,bearing
3,fixed_horizon_60,cox_context_only,Bearing2_3,120.0,,,False,landmark within bearing,bearing
3,fixed_horizon_60,cox_context_only,Bearing2_3,240.0,,,False,landmark within bearing,bearing
3,fixed_horizon_60,cox_context_only,Bearing3_3,30.0,30.208333333333332,0.10574356326779186,True,landmark within bearing,bearing
3,fixed_horizon_60,cox_context_only,Bearing3_3,60.0,,,False,landmark within bearing,bearing
3,fixed_horizon_60,cox_context_only,Bearing3_3,120.0,,,False,landmark within bearing,bearing
3,fixed_horizon_60,cox_context_only,Bearing3_3,240.0,,,False,landmark within bearing,bearing
3,fixed_horizon_60,landmark_km_baseline,Bearing1_3,30.0,30.208333333333332,0.17283950617283952,True,landmark within bearing,bearing
3,fixed_horizon_60,landmark_km_baseline,Bearing1_3,60.0,,,False,landmark within bearing,bearing
3,fixed_horizon_60,landmark_km_baseline,Bearing1_3,120.0,,,False,landmark within bearing,bearing
3,fixed_horizon_60,landmark_km_baseline,Bearing1_3,240.0,,,False,landmark within bearing,bearing
3,fixed_horizon_60,landmark_km_baseline,Bearing2_3,30.0,30.208333333333332,0.12729234088457392,True,landmark within bearing,bearing
3,fixed_horizon_60,landmark_km_baseline,Bearing2_3,60.0,,,False,landmark within bearing,bearing
3,fixed_horizon_60,landmark_km_baseline,Bearing2_3,120.0,,,False,landmark within bearing,bearing
3,fixed_horizon_60,landmark_km_baseline,Bearing2_3,240.0,,,False,landmark within bearing,bearing
3,fixed_horizon_60,landmark_km_baseline,Bearing3_3,30.0,30.208333333333332,0.134585289514867,True,landmark within bearing,bearing
3,fixed_horizon_60,landmark_km_baseline,Bearing3_3,60.0,,,False,landmark within bearing,bearing
3,fixed_horizon_60,landmark_km_baseline,Bearing3_3,120.0,,,False,landmark within bearing,bearing
3,fixed_horizon_60,landmark_km_baseline,Bearing3_3,240.0,,,False,landmark within bearing,bearing
3,fixed_horizon_60,random_survival_forest,Bearing1_3,30.0,30.208333333333332,0.09863176520591493,True,landmark within bearing,bearing
3,fixed_horizon_60,random_survival_forest,Bearing1_3,60.0,,,False,landmark within bearing,bearing
3,fixed_horizon_60,random_survival_forest,Bearing1_3,120.0,,,False,landmark within bearing,bearing
3,fixed_horizon_60,random_survival_forest,Bearing1_3,240.0,,,False,landmark within bearing,bearing
3,fixed_horizon_60,random_survival_forest,Bearing2_3,30.0,30.208333333333332,0.10027281101642516,True,landmark within bearing,bearing
3,fixed_horizon_60,random_survival_forest,Bearing2_3,60.0,,,False,landmark within bearing,bearing
3,fixed_horizon_60,random_survival_forest,Bearing2_3,120.0,,,False,landmark within bearing,bearing
3,fixed_horizon_60,random_survival_forest,Bearing2_3,240.0,,,False,landmark within bearing,bearing
3,fixed_horizon_60,random_survival_forest,Bearing3_3,30.0,30.208333333333332,0.029993713748385203,True,landmark within bearing,bearing
3,fixed_horizon_60,random_survival_forest,Bearing3_3,60.0,,,False,landmark within bearing,bearing
3,fixed_horizon_60,random_survival_forest,Bearing3_3,120.0,,,False,landmark within bearing,bearing
3,fixed_horizon_60,random_survival_forest,Bearing3_3,240.0,,,False,landmark within bearing,bearing
3,full_event,cox_causal_features,Bearing2_3,30.0,,,False,landmark within bearing,bearing
3,full_event,cox_causal_features,Bearing2_3,60.0,77.0,0.23013367181665798,True,landmark within bearing,bearing
3,full_event,cox_causal_features,Bearing2_3,120.0,77.0,0.23013367181665798,True,landmark within bearing,bearing
3,full_event,cox_causal_features,Bearing2_3,240.0,254.91666666666666,0.16587279457256027,True,landmark within bearing,bearing
3,full_event,cox_causal_features,Bearing3_3,30.0,,,False,landmark within bearing,bearing
3,full_event,cox_causal_features,Bearing3_3,60.0,77.0,0.1268975287455539,True,landmark within bearing,bearing
3,full_event,cox_causal_features,Bearing3_3,120.0,77.0,0.1268975287455539,True,landmark within bearing,bearing
3,full_event,cox_causal_features,Bearing3_3,240.0,254.91666666666666,0.268700360693605,True,landmark within bearing,bearing
3,full_event,cox_context_only,Bearing2_3,30.0,,,False,landmark within bearing,bearing
3,full_event,cox_context_only,Bearing2_3,60.0,77.0,0.3337202582453562,True,landmark within bearing,bearing
3,full_event,cox_context_only,Bearing2_3,120.0,77.0,0.3337202582453562,True,landmark within bearing,bearing
3,full_event,cox_context_only,Bearing2_3,240.0,254.91666666666666,0.3870090002493956,True,landmark within bearing,bearing
3,full_event,cox_context_only,Bearing3_3,30.0,,,False,landmark within bearing,bearing
3,full_event,cox_context_only,Bearing3_3,60.0,77.0,0.22821187332884948,True,landmark within bearing,bearing
3,full_event,cox_context_only,Bearing3_3,120.0,77.0,0.22821187332884948,True,landmark within bearing,bearing
3,full_event,cox_context_only,Bearing3_3,240.0,254.91666666666666,0.2249117713496033,True,landmark within bearing,bearing
3,full_event,landmark_km_baseline,Bearing2_3,30.0,,,False,landmark within bearing,bearing
3,full_event,landmark_km_baseline,Bearing2_3,60.0,77.0,0.3328155339805824,True,landmark within bearing,bearing
3,full_event,landmark_km_baseline,Bearing2_3,120.0,77.0,0.3328155339805824,True,landmark within bearing,bearing
3,full_event,landmark_km_baseline,Bearing2_3,240.0,254.91666666666666,0.3352511087138917,True,landmark within bearing,bearing
3,full_event,landmark_km_baseline,Bearing3_3,30.0,,,False,landmark within bearing,bearing
3,full_event,landmark_km_baseline,Bearing3_3,60.0,77.0,0.32056338028169024,True,landmark within bearing,bearing
3,full_event,landmark_km_baseline,Bearing3_3,120.0,77.0,0.32056338028169024,True,landmark within bearing,bearing
3,full_event,landmark_km_baseline,Bearing3_3,240.0,254.91666666666666,0.21370196487567378,True,landmark within bearing,bearing
3,full_event,random_survival_forest,Bearing2_3,30.0,,,False,landmark within bearing,bearing
3,full_event,random_survival_forest,Bearing2_3,60.0,77.0,0.15455131537128097,True,landmark within bearing,bearing
3,full_event,random_survival_forest,Bearing2_3,120.0,77.0,0.15455131537128097,True,landmark within bearing,bearing
3,full_event,random_survival_forest,Bearing2_3,240.0,254.91666666666666,0.1129277519861058,True,landmark within bearing,bearing
3,full_event,random_survival_forest,Bearing3_3,30.0,,,False,landmark within bearing,bearing
3,full_event,random_survival_forest,Bearing3_3,60.0,77.0,0.1446469876396679,True,landmark within bearing,bearing
3,full_event,random_survival_forest,Bearing3_3,120.0,77.0,0.1446469876396679,True,landmark within bearing,bearing
3,full_event,random_survival_forest,Bearing3_3,240.0,254.91666666666666,0.5443530084060748,True,landmark within bearing,bearing
3,target_censoring_25,cox_causal_features,Bearing1_3,30.0,57.0,0.12914309146953687,True,landmark within bearing,bearing
3,target_censoring_25,cox_causal_features,Bearing1_3,60.0,57.0,0.12914309146953687,True,landmark within bearing,bearing
3,target_censoring_25,cox_causal_features,Bearing1_3,120.0,119.97916666666669,0.17010641179357788,True,landmark within bearing,bearing
3,target_censoring_25,cox_causal_features,Bearing1_3,240.0,,,False,landmark within bearing,bearing
3,target_censoring_25,cox_causal_features,Bearing2_3,30.0,57.0,0.23694029541098127,True,landmark within bearing,bearing
3,target_censoring_25,cox_causal_features,Bearing2_3,60.0,57.0,0.23694029541098127,True,landmark within bearing,bearing
3,target_censoring_25,cox_causal_features,Bearing2_3,120.0,119.97916666666669,0.22901996942136837,True,landmark within bearing,bearing
3,target_censoring_25,cox_causal_features,Bearing2_3,240.0,245.93750000000006,0.14748112519532128,True,landmark within bearing,bearing
3,target_censoring_25,cox_causal_features,Bearing3_3,30.0,57.0,0.08416292439932795,True,landmark within bearing,bearing
3,target_censoring_25,cox_causal_features,Bearing3_3,60.0,57.0,0.08416292439932795,True,landmark within bearing,bearing
3,target_censoring_25,cox_causal_features,Bearing3_3,120.0,119.97916666666669,0.208302787513218,True,landmark within bearing,bearing
3,target_censoring_25,cox_causal_features,Bearing3_3,240.0,245.93750000000006,0.2803329718323722,True,landmark within bearing,bearing
3,target_censoring_25,cox_context_only,Bearing1_3,30.0,57.0,0.3265612831440067,True,landmark within bearing,bearing
3,target_censoring_25,cox_context_only,Bearing1_3,60.0,57.0,0.3265612831440067,True,landmark within bearing,bearing
3,target_censoring_25,cox_context_only,Bearing1_3,120.0,119.97916666666669,0.13188102041837385,True,landmark within bearing,bearing
3,target_censoring_25,cox_context_only,Bearing1_3,240.0,,,False,landmark within bearing,bearing
3,target_censoring_25,cox_context_only,Bearing2_3,30.0,57.0,0.2245614681152726,True,landmark within bearing,bearing
3,target_censoring_25,cox_context_only,Bearing2_3,60.0,57.0,0.2245614681152726,True,landmark within bearing,bearing
3,target_censoring_25,cox_context_only,Bearing2_3,120.0,119.97916666666669,0.4520711514643988,True,landmark within bearing,bearing
3,target_censoring_25,cox_context_only,Bearing2_3,240.0,245.93750000000006,0.40559952887612266,True,landmark within bearing,bearing
3,target_censoring_25,cox_context_only,Bearing3_3,30.0,57.0,0.16683788625335028,True,landmark within bearing,bearing
3,target_censoring_25,cox_context_only,Bearing3_3,60.0,57.0,0.16683788625335028,True,landmark within bearing,bearing
3,target_censoring_25,cox_context_only,Bearing3_3,120.0,119.97916666666669,0.3092216218859181,True,landmark within bearing,bearing
3,target_censoring_25,cox_context_only,Bearing3_3,240.0,245.93750000000006,0.24101033313665368,True,landmark within bearing,bearing
3,target_censoring_25,landmark_km_baseline,Bearing1_3,30.0,57.0,0.24724279835390947,True,landmark within bearing,bearing
3,target_censoring_25,landmark_km_baseline,Bearing1_3,60.0,57.0,0.24724279835390947,True,landmark within bearing,bearing
3,target_censoring_25,landmark_km_baseline,Bearing1_3,120.0,119.97916666666669,0.14600823045267491,True,landmark within bearing,bearing
3,target_censoring_25,landmark_km_baseline,Bearing1_3,240.0,,,False,landmark within bearing,bearing
3,target_censoring_25,landmark_km_baseline,Bearing2_3,30.0,57.0,0.24116984298214064,True,landmark within bearing,bearing
3,target_censoring_25,landmark_km_baseline,Bearing2_3,60.0,57.0,0.24116984298214064,True,landmark within bearing,bearing
3,target_censoring_25,landmark_km_baseline,Bearing2_3,120.0,119.97916666666669,0.411396380198969,True,landmark within bearing,bearing
3,target_censoring_25,landmark_km_baseline,Bearing2_3,240.0,245.93750000000006,0.3460385952295336,True,landmark within bearing,bearing
3,target_censoring_25,landmark_km_baseline,Bearing3_3,30.0,57.0,0.2421422361328464,True,landmark within bearing,bearing
3,target_censoring_25,landmark_km_baseline,Bearing3_3,60.0,57.0,0.2421422361328464,True,landmark within bearing,bearing
3,target_censoring_25,landmark_km_baseline,Bearing3_3,120.0,119.97916666666669,0.36890279951312804,True,landmark within bearing,bearing
3,target_censoring_25,landmark_km_baseline,Bearing3_3,240.0,245.93750000000006,0.22935141714484436,True,landmark within bearing,bearing
3,target_censoring_25,random_survival_forest,Bearing1_3,30.0,57.0,0.16135085466745186,True,landmark within bearing,bearing
3,target_censoring_25,random_survival_forest,Bearing1_3,60.0,57.0,0.16135085466745186,True,landmark within bearing,bearing
3,target_censoring_25,random_survival_forest,Bearing1_3,120.0,119.97916666666669,0.17397007060313704,True,landmark within bearing,bearing
3,target_censoring_25,random_survival_forest,Bearing1_3,240.0,,,False,landmark within bearing,bearing
3,target_censoring_25,random_survival_forest,Bearing2_3,30.0,57.0,0.15040939767576975,True,landmark within bearing,bearing
3,target_censoring_25,random_survival_forest,Bearing2_3,60.0,57.0,0.15040939767576975,True,landmark within bearing,bearing
3,target_censoring_25,random_survival_forest,Bearing2_3,120.0,119.97916666666669,0.20052273385183939,True,landmark within bearing,bearing
3,target_censoring_25,random_survival_forest,Bearing2_3,240.0,245.93750000000006,0.13965300583318002,True,landmark within bearing,bearing
3,target_censoring_25,random_survival_forest,Bearing3_3,30.0,57.0,0.09283246730049909,True,landmark within bearing,bearing
3,target_censoring_25,random_survival_forest,Bearing3_3,60.0,57.0,0.09283246730049909,True,landmark within bearing,bearing
3,target_censoring_25,random_survival_forest,Bearing3_3,120.0,119.97916666666669,0.26337898880066757,True,landmark within bearing,bearing
3,target_censoring_25,random_survival_forest,Bearing3_3,240.0,245.93750000000006,0.5134940897889877,True,landmark within bearing,bearing
3,target_censoring_50,cox_causal_features,Bearing1_3,30.0,37.0,0.0970268635052055,True,landmark within bearing,bearing
3,target_censoring_50,cox_causal_features,Bearing1_3,60.0,74.0625,0.21628657994000183,True,landmark within bearing,bearing
3,target_censoring_50,cox_causal_features,Bearing1_3,120.0,111.12499999999999,0.22491828135892594,True,landmark within bearing,bearing
3,target_censoring_50,cox_causal_features,Bearing1_3,240.0,,,False,landmark within bearing,bearing
3,target_censoring_50,cox_causal_features,Bearing2_3,30.0,37.0,0.2611894565386388,True,landmark within bearing,bearing
3,target_censoring_50,cox_causal_features,Bearing2_3,60.0,74.0625,0.22270213095203995,True,landmark within bearing,bearing
3,target_censoring_50,cox_causal_features,Bearing2_3,120.0,111.12499999999999,0.22901962873667903,True,landmark within bearing,bearing
3,target_censoring_50,cox_causal_features,Bearing2_3,240.0,222.31249999999997,0.1296969875126643,True,landmark within bearing,bearing
3,target_censoring_50,cox_causal_features,Bearing3_3,30.0,37.0,0.03243668849374085,True,landmark within bearing,bearing
3,target_censoring_50,cox_causal_features,Bearing3_3,60.0,74.0625,0.12128266298837787,True,landmark within bearing,bearing
3,target_censoring_50,cox_causal_features,Bearing3_3,120.0,111.12499999999999,0.18389196930046925,True,landmark within bearing,bearing
3,target_censoring_50,cox_causal_features,Bearing3_3,240.0,222.31249999999997,0.26808546081360485,True,landmark within bearing,bearing
3,target_censoring_50,cox_context_only,Bearing1_3,30.0,37.0,0.2724461936204157,True,landmark within bearing,bearing
3,target_censoring_50,cox_context_only,Bearing1_3,60.0,74.0625,0.314493990872635,True,landmark within bearing,bearing
3,target_censoring_50,cox_context_only,Bearing1_3,120.0,111.12499999999999,0.19581374477401464,True,landmark within bearing,bearing
3,target_censoring_50,cox_context_only,Bearing1_3,240.0,,,False,landmark within bearing,bearing
3,target_censoring_50,cox_context_only,Bearing2_3,30.0,37.0,0.13539566601716893,True,landmark within bearing,bearing
3,target_censoring_50,cox_context_only,Bearing2_3,60.0,74.0625,0.28667958510553654,True,landmark within bearing,bearing
3,target_censoring_50,cox_context_only,Bearing2_3,120.0,111.12499999999999,0.46042891707909867,True,landmark within bearing,bearing
3,target_censoring_50,cox_context_only,Bearing2_3,240.0,222.31249999999997,0.4494514263686932,True,landmark within bearing,bearing
3,target_censoring_50,cox_context_only,Bearing3_3,30.0,37.0,0.11069572756426177,True,landmark within bearing,bearing
3,target_censoring_50,cox_context_only,Bearing3_3,60.0,74.0625,0.22330197833052748,True,landmark within bearing,bearing
3,target_censoring_50,cox_context_only,Bearing3_3,120.0,111.12499999999999,0.3331710669940548,True,landmark within bearing,bearing
3,target_censoring_50,cox_context_only,Bearing3_3,240.0,222.31249999999997,0.2873760846803397,True,landmark within bearing,bearing
3,target_censoring_50,landmark_km_baseline,Bearing1_3,30.0,37.0,0.197037037037037,True,landmark within bearing,bearing
3,target_censoring_50,landmark_km_baseline,Bearing1_3,60.0,74.0625,0.25102880658436216,True,landmark within bearing,bearing
3,target_censoring_50,landmark_km_baseline,Bearing1_3,120.0,111.12499999999999,0.1772839506172839,True,landmark within bearing,bearing
3,target_censoring_50,landmark_km_baseline,Bearing1_3,240.0,,,False,landmark within bearing,bearing
3,target_censoring_50,landmark_km_baseline,Bearing2_3,30.0,37.0,0.15695553158336326,True,landmark within bearing,bearing
3,target_censoring_50,landmark_km_baseline,Bearing2_3,60.0,74.0625,0.29353949418674347,True,landmark within bearing,bearing
3,target_censoring_50,landmark_km_baseline,Bearing2_3,120.0,111.12499999999999,0.4195948699508569,True,landmark within bearing,bearing
3,target_censoring_50,landmark_km_baseline,Bearing2_3,240.0,222.31249999999997,0.3730073115186382,True,landmark within bearing,bearing
3,target_censoring_50,landmark_km_baseline,Bearing3_3,30.0,37.0,0.16337332637802116,True,landmark within bearing,bearing
3,target_censoring_50,landmark_km_baseline,Bearing3_3,60.0,74.0625,0.2867327421318033,True,landmark within bearing,bearing
3,target_censoring_50,landmark_km_baseline,Bearing3_3,120.0,111.12499999999999,0.3807963832376977,True,landmark within bearing,bearing
3,target_censoring_50,landmark_km_baseline,Bearing3_3,240.0,222.31249999999997,0.2684750478177709,True,landmark within bearing,bearing
3,target_censoring_50,random_survival_forest,Bearing1_3,30.0,37.0,0.12982383759923397,True,landmark within bearing,bearing
3,target_censoring_50,random_survival_forest,Bearing1_3,60.0,74.0625,0.19850761185058918,True,landmark within bearing,bearing
3,target_censoring_50,random_survival_forest,Bearing1_3,120.0,111.12499999999999,0.15612313409473302,True,landmark within bearing,bearing
3,target_censoring_50,random_survival_forest,Bearing1_3,240.0,,,False,landmark within bearing,bearing
3,target_censoring_50,random_survival_forest,Bearing2_3,30.0,37.0,0.13674948059450695,True,landmark within bearing,bearing
3,target_censoring_50,random_survival_forest,Bearing2_3,60.0,74.0625,0.1968614882441425,True,landmark within bearing,bearing
3,target_censoring_50,random_survival_forest,Bearing2_3,120.0,111.12499999999999,0.26867337266191493,True,landmark within bearing,bearing
3,target_censoring_50,random_survival_forest,Bearing2_3,240.0,222.31249999999997,0.24516856741327386,True,landmark within bearing,bearing
3,target_censoring_50,random_survival_forest,Bearing3_3,30.0,37.0,0.04519008209060759,True,landmark within bearing,bearing
3,target_censoring_50,random_survival_forest,Bearing3_3,60.0,74.0625,0.13904966807114386,True,landmark within bearing,bearing
3,target_censoring_50,random_survival_forest,Bearing3_3,120.0,111.12499999999999,0.2234963648433822,True,landmark within bearing,bearing
3,target_censoring_50,random_survival_forest,Bearing3_3,240.0,222.31249999999997,0.43674350523372674,True,landmark within bearing,bearing
3,target_censoring_75,cox_causal_features,Bearing1_3,30.0,30.916666666666664,0.10710977662788494,True,landmark within bearing,bearing
3,target_censoring_75,cox_causal_features,Bearing1_3,60.0,63.666666666666664,0.17937447279451818,True,landmark within bearing,bearing
3,target_censoring_75,cox_causal_features,Bearing1_3,120.0,118.25,0.19564361350845164,True,landmark within bearing,bearing
3,target_censoring_75,cox_causal_features,Bearing1_3,240.0,,,False,landmark within bearing,bearing
3,target_censoring_75,cox_causal_features,Bearing2_3,30.0,30.916666666666664,0.12487158577474759,True,landmark within bearing,bearing
3,target_censoring_75,cox_causal_features,Bearing2_3,60.0,63.666666666666664,0.21486179526826318,True,landmark within bearing,bearing
3,target_censoring_75,cox_causal_features,Bearing2_3,120.0,118.25,0.26926734232361943,True,landmark within bearing,bearing
3,target_censoring_75,cox_causal_features,Bearing2_3,240.0,238.33333333333331,0.1994298037745372,True,landmark within bearing,bearing
3,target_censoring_75,cox_causal_features,Bearing3_3,30.0,30.916666666666664,0.04571928475379033,True,landmark within bearing,bearing
3,target_censoring_75,cox_causal_features,Bearing3_3,60.0,63.666666666666664,0.12465611333604933,True,landmark within bearing,bearing
3,target_censoring_75,cox_causal_features,Bearing3_3,120.0,118.25,0.22401912782280584,True,landmark within bearing,bearing
3,target_censoring_75,cox_causal_features,Bearing3_3,240.0,238.33333333333331,0.224931522889908,True,landmark within bearing,bearing
3,target_censoring_75,cox_context_only,Bearing1_3,30.0,30.916666666666664,0.25303764208779594,True,landmark within bearing,bearing
3,target_censoring_75,cox_context_only,Bearing1_3,60.0,63.666666666666664,0.38368576473903326,True,landmark within bearing,bearing
3,target_censoring_75,cox_context_only,Bearing1_3,120.0,118.25,0.1775869524415129,True,landmark within bearing,bearing
3,target_censoring_75,cox_context_only,Bearing1_3,240.0,,,False,landmark within bearing,bearing
3,target_censoring_75,cox_context_only,Bearing2_3,30.0,30.916666666666664,0.09537659405275804,True,landmark within bearing,bearing
3,target_censoring_75,cox_context_only,Bearing2_3,60.0,63.666666666666664,0.2351186060761283,True,landmark within bearing,bearing
3,target_censoring_75,cox_context_only,Bearing2_3,120.0,118.25,0.4425071056308171,True,landmark within bearing,bearing
3,target_censoring_75,cox_context_only,Bearing2_3,240.0,238.33333333333331,0.5183572893223739,True,landmark within bearing,bearing
3,target_censoring_75,cox_context_only,Bearing3_3,30.0,30.916666666666664,0.10085256519584923,True,landmark within bearing,bearing
3,target_censoring_75,cox_context_only,Bearing3_3,60.0,63.666666666666664,0.24139859423910887,True,landmark within bearing,bearing
3,target_censoring_75,cox_context_only,Bearing3_3,120.0,118.25,0.4103508407222746,True,landmark within bearing,bearing
3,target_censoring_75,cox_context_only,Bearing3_3,240.0,238.33333333333331,0.3597068816029601,True,landmark within bearing,bearing
3,target_censoring_75,landmark_km_baseline,Bearing1_3,30.0,30.916666666666664,0.17283950617283952,True,landmark within bearing,bearing
3,target_censoring_75,landmark_km_baseline,Bearing1_3,60.0,63.666666666666664,0.257283950617284,True,landmark within bearing,bearing
3,target_censoring_75,landmark_km_baseline,Bearing1_3,120.0,118.25,0.1616460905349794,True,landmark within bearing,bearing
3,target_censoring_75,landmark_km_baseline,Bearing1_3,240.0,,,False,landmark within bearing,bearing
3,target_censoring_75,landmark_km_baseline,Bearing2_3,30.0,30.916666666666664,0.12729234088457392,True,landmark within bearing,bearing
3,target_censoring_75,landmark_km_baseline,Bearing2_3,60.0,63.666666666666664,0.27732470334412074,True,landmark within bearing,bearing
3,target_censoring_75,landmark_km_baseline,Bearing2_3,120.0,118.25,0.41549562507491294,True,landmark within bearing,bearing
3,target_censoring_75,landmark_km_baseline,Bearing2_3,240.0,238.33333333333331,0.3568260817451753,True,landmark within bearing,bearing
3,target_censoring_75,landmark_km_baseline,Bearing3_3,30.0,30.916666666666664,0.134585289514867,True,landmark within bearing,bearing
3,target_censoring_75,landmark_km_baseline,Bearing3_3,60.0,63.666666666666664,0.2731768388106415,True,landmark within bearing,bearing
3,target_censoring_75,landmark_km_baseline,Bearing3_3,120.0,118.25,0.36890279951312804,True,landmark within bearing,bearing
3,target_censoring_75,landmark_km_baseline,Bearing3_3,240.0,238.33333333333331,0.23717614327942968,True,landmark within bearing,bearing
3,target_censoring_75,random_survival_forest,Bearing1_3,30.0,30.916666666666664,0.11970386324488419,True,landmark within bearing,bearing
3,target_censoring_75,random_survival_forest,Bearing1_3,60.0,63.666666666666664,0.13398804791029595,True,landmark within bearing,bearing
3,target_censoring_75,random_survival_forest,Bearing1_3,120.0,118.25,0.17741255219042634,True,landmark within bearing,bearing
3,target_censoring_75,random_survival_forest,Bearing1_3,240.0,,,False,landmark within bearing,bearing
3,target_censoring_75,random_survival_forest,Bearing2_3,30.0,30.916666666666664,0.11520397278770962,True,landmark within bearing,bearing
3,target_censoring_75,random_survival_forest,Bearing2_3,60.0,63.666666666666664,0.1953325171205178,True,landmark within bearing,bearing
3,target_censoring_75,random_survival_forest,Bearing2_3,120.0,118.25,0.2581087217546053,True,landmark within bearing,bearing
3,target_censoring_75,random_survival_forest,Bearing2_3,240.0,238.33333333333331,0.18294738478034203,True,landmark within bearing,bearing
3,target_censoring_75,random_survival_forest,Bearing3_3,30.0,30.916666666666664,0.03975635950563778,True,landmark within bearing,bearing
3,target_censoring_75,random_survival_forest,Bearing3_3,60.0,63.666666666666664,0.1148177878999254,True,landmark within bearing,bearing
3,target_censoring_75,random_survival_forest,Bearing3_3,120.0,118.25,0.25005287678255705,True,landmark within bearing,bearing
3,target_censoring_75,random_survival_forest,Bearing3_3,240.0,238.33333333333331,0.5462416030380643,True,landmark within bearing,bearing
4,fixed_horizon_120,cox_causal_features,Bearing1_4,30.0,29.75,0.5652754037771486,True,landmark within bearing,bearing
4,fixed_horizon_120,cox_causal_features,Bearing1_4,60.0,,,False,landmark within bearing,bearing
4,fixed_horizon_120,cox_causal_features,Bearing1_4,120.0,,,False,landmark within bearing,bearing
4,fixed_horizon_120,cox_causal_features,Bearing1_4,240.0,,,False,landmark within bearing,bearing
4,fixed_horizon_120,cox_causal_features,Bearing3_4,30.0,29.75,0.06446861144175935,True,landmark within bearing,bearing
4,fixed_horizon_120,cox_causal_features,Bearing3_4,60.0,58.25,0.05451462182942541,True,landmark within bearing,bearing
4,fixed_horizon_120,cox_causal_features,Bearing3_4,120.0,,,False,landmark within bearing,bearing
4,fixed_horizon_120,cox_causal_features,Bearing3_4,240.0,,,False,landmark within bearing,bearing
4,fixed_horizon_120,cox_context_only,Bearing1_4,30.0,29.75,0.34883524946058536,True,landmark within bearing,bearing
4,fixed_horizon_120,cox_context_only,Bearing1_4,60.0,,,False,landmark within bearing,bearing
4,fixed_horizon_120,cox_context_only,Bearing1_4,120.0,,,False,landmark within bearing,bearing
4,fixed_horizon_120,cox_context_only,Bearing1_4,240.0,,,False,landmark within bearing,bearing
4,fixed_horizon_120,cox_context_only,Bearing3_4,30.0,29.75,0.5206787691082552,True,landmark within bearing,bearing
4,fixed_horizon_120,cox_context_only,Bearing3_4,60.0,58.25,0.7740175107826756,True,landmark within bearing,bearing
4,fixed_horizon_120,cox_context_only,Bearing3_4,120.0,,,False,landmark within bearing,bearing
4,fixed_horizon_120,cox_context_only,Bearing3_4,240.0,,,False,landmark within bearing,bearing
4,fixed_horizon_120,landmark_km_baseline,Bearing1_4,30.0,29.75,0.3850440917107583,True,landmark within bearing,bearing
4,fixed_horizon_120,landmark_km_baseline,Bearing1_4,60.0,,,False,landmark within bearing,bearing
4,fixed_horizon_120,landmark_km_baseline,Bearing1_4,120.0,,,False,landmark within bearing,bearing
4,fixed_horizon_120,landmark_km_baseline,Bearing1_4,240.0,,,False,landmark within bearing,bearing
4,fixed_horizon_120,landmark_km_baseline,Bearing3_4,30.0,29.75,0.1030041152263375,True,landmark within bearing,bearing
4,fixed_horizon_120,landmark_km_baseline,Bearing3_4,60.0,58.25,0.22456790123456788,True,landmark within bearing,bearing
4,fixed_horizon_120,landmark_km_baseline,Bearing3_4,120.0,,,False,landmark within bearing,bearing
4,fixed_horizon_120,landmark_km_baseline,Bearing3_4,240.0,,,False,landmark within bearing,bearing
4,fixed_horizon_120,random_survival_forest,Bearing1_4,30.0,29.75,0.7142857142857143,True,landmark within bearing,bearing
4,fixed_horizon_120,random_survival_forest,Bearing1_4,60.0,,,False,landmark within bearing,bearing
4,fixed_horizon_120,random_survival_forest,Bearing1_4,120.0,,,False,landmark within bearing,bearing
4,fixed_horizon_120,random_survival_forest,Bearing1_4,240.0,,,False,landmark within bearing,bearing
4,fixed_horizon_120,random_survival_forest,Bearing3_4,30.0,29.75,0.030371899277884765,True,landmark within bearing,bearing
4,fixed_horizon_120,random_survival_forest,Bearing3_4,60.0,58.25,0.02534683195176244,True,landmark within bearing,bearing
4,fixed_horizon_120,random_survival_forest,Bearing3_4,120.0,,,False,landmark within bearing,bearing
4,fixed_horizon_120,random_survival_forest,Bearing3_4,240.0,,,False,landmark within bearing,bearing
4,fixed_horizon_240,cox_causal_features,Bearing1_4,30.0,28.799999999999997,0.46789231559744876,True,landmark within bearing,bearing
4,fixed_horizon_240,cox_causal_features,Bearing1_4,60.0,,,False,landmark within bearing,bearing
4,fixed_horizon_240,cox_causal_features,Bearing1_4,120.0,,,False,landmark within bearing,bearing
4,fixed_horizon_240,cox_causal_features,Bearing1_4,240.0,,,False,landmark within bearing,bearing
4,fixed_horizon_240,cox_causal_features,Bearing3_4,30.0,28.799999999999997,0.065473163687078,True,landmark within bearing,bearing
4,fixed_horizon_240,cox_causal_features,Bearing3_4,60.0,57.6,0.06273169151895353,True,landmark within bearing,bearing
4,fixed_horizon_240,cox_causal_features,Bearing3_4,120.0,124.79999999999998,0.23210913120787346,True,landmark within bearing,bearing
4,fixed_horizon_240,cox_causal_features,Bearing3_4,240.0,,,False,landmark within bearing,bearing
4,fixed_horizon_240,cox_context_only,Bearing1_4,30.0,28.799999999999997,0.29751003113032254,True,landmark within bearing,bearing
4,fixed_horizon_240,cox_context_only,Bearing1_4,60.0,,,False,landmark within bearing,bearing
4,fixed_horizon_240,cox_context_only,Bearing1_4,120.0,,,False,landmark within bearing,bearing
4,fixed_horizon_240,cox_context_only,Bearing1_4,240.0,,,False,landmark within bearing,bearing
4,fixed_horizon_240,cox_context_only,Bearing3_4,30.0,28.799999999999997,0.502048733347144,True,landmark within bearing,bearing
4,fixed_horizon_240,cox_context_only,Bearing3_4,60.0,57.6,0.7689991980661831,True,landmark within bearing,bearing
4,fixed_horizon_240,cox_context_only,Bearing3_4,120.0,124.79999999999998,0.7739517174207212,True,landmark within bearing,bearing
4,fixed_horizon_240,cox_context_only,Bearing3_4,240.0,,,False,landmark within bearing,bearing
4,fixed_horizon_240,landmark_km_baseline,Bearing1_4,30.0,28.799999999999997,0.32472663139329805,True,landmark within bearing,bearing
4,fixed_horizon_240,landmark_km_baseline,Bearing1_4,60.0,,,False,landmark within bearing,bearing
4,fixed_horizon_240,landmark_km_baseline,Bearing1_4,120.0,,,False,landmark within bearing,bearing
4,fixed_horizon_240,landmark_km_baseline,Bearing1_4,240.0,,,False,landmark within bearing,bearing
4,fixed_horizon_240,landmark_km_baseline,Bearing3_4,30.0,28.799999999999997,0.1030041152263375,True,landmark within bearing,bearing
4,fixed_horizon_240,landmark_km_baseline,Bearing3_4,60.0,57.6,0.22395061728395055,True,landmark within bearing,bearing
4,fixed_horizon_240,landmark_km_baseline,Bearing3_4,120.0,124.79999999999998,0.4340740740740739,True,landmark within bearing,bearing
4,fixed_horizon_240,landmark_km_baseline,Bearing3_4,240.0,,,False,landmark within bearing,bearing
4,fixed_horizon_240,random_survival_forest,Bearing1_4,30.0,28.799999999999997,0.567553079566032,True,landmark within bearing,bearing
4,fixed_horizon_240,random_survival_forest,Bearing1_4,60.0,,,False,landmark within bearing,bearing
4,fixed_horizon_240,random_survival_forest,Bearing1_4,120.0,,,False,landmark within bearing,bearing
4,fixed_horizon_240,random_survival_forest,Bearing1_4,240.0,,,False,landmark within bearing,bearing
4,fixed_horizon_240,random_survival_forest,Bearing3_4,30.0,28.799999999999997,0.035942188095714776,True,landmark within bearing,bearing
4,fixed_horizon_240,random_survival_forest,Bearing3_4,60.0,57.6,0.036378640888809925,True,landmark within bearing,bearing
4,fixed_horizon_240,random_survival_forest,Bearing3_4,120.0,124.79999999999998,0.05487381241328658,True,landmark within bearing,bearing
4,fixed_horizon_240,random_survival_forest,Bearing3_4,240.0,,,False,landmark within bearing,bearing
4,fixed_horizon_30,cox_causal_features,Bearing1_4,30.0,,,False,landmark within bearing,bearing
4,fixed_horizon_30,cox_causal_features,Bearing1_4,60.0,,,False,landmark within bearing,bearing
4,fixed_horizon_30,cox_causal_features,Bearing1_4,120.0,,,False,landmark within bearing,bearing
4,fixed_horizon_30,cox_causal_features,Bearing1_4,240.0,,,False,landmark within bearing,bearing
4,fixed_horizon_30,cox_causal_features,Bearing2_4,30.0,,,False,landmark within bearing,bearing
4,fixed_horizon_30,cox_causal_features,Bearing2_4,60.0,,,False,landmark within bearing,bearing
4,fixed_horizon_30,cox_causal_features,Bearing2_4,120.0,,,False,landmark within bearing,bearing
4,fixed_horizon_30,cox_causal_features,Bearing2_4,240.0,,,False,landmark within bearing,bearing
4,fixed_horizon_30,cox_causal_features,Bearing3_4,30.0,,,False,landmark within bearing,bearing
4,fixed_horizon_30,cox_causal_features,Bearing3_4,60.0,,,False,landmark within bearing,bearing
4,fixed_horizon_30,cox_causal_features,Bearing3_4,120.0,,,False,landmark within bearing,bearing
4,fixed_horizon_30,cox_causal_features,Bearing3_4,240.0,,,False,landmark within bearing,bearing
4,fixed_horizon_30,cox_context_only,Bearing1_4,30.0,,,False,landmark within bearing,bearing
4,fixed_horizon_30,cox_context_only,Bearing1_4,60.0,,,False,landmark within bearing,bearing
4,fixed_horizon_30,cox_context_only,Bearing1_4,120.0,,,False,landmark within bearing,bearing
4,fixed_horizon_30,cox_context_only,Bearing1_4,240.0,,,False,landmark within bearing,bearing
4,fixed_horizon_30,cox_context_only,Bearing2_4,30.0,,,False,landmark within bearing,bearing
4,fixed_horizon_30,cox_context_only,Bearing2_4,60.0,,,False,landmark within bearing,bearing
4,fixed_horizon_30,cox_context_only,Bearing2_4,120.0,,,False,landmark within bearing,bearing
4,fixed_horizon_30,cox_context_only,Bearing2_4,240.0,,,False,landmark within bearing,bearing
4,fixed_horizon_30,cox_context_only,Bearing3_4,30.0,,,False,landmark within bearing,bearing
4,fixed_horizon_30,cox_context_only,Bearing3_4,60.0,,,False,landmark within bearing,bearing
4,fixed_horizon_30,cox_context_only,Bearing3_4,120.0,,,False,landmark within bearing,bearing
4,fixed_horizon_30,cox_context_only,Bearing3_4,240.0,,,False,landmark within bearing,bearing
4,fixed_horizon_30,landmark_km_baseline,Bearing1_4,30.0,,,False,landmark within bearing,bearing
4,fixed_horizon_30,landmark_km_baseline,Bearing1_4,60.0,,,False,landmark within bearing,bearing
4,fixed_horizon_30,landmark_km_baseline,Bearing1_4,120.0,,,False,landmark within bearing,bearing
4,fixed_horizon_30,landmark_km_baseline,Bearing1_4,240.0,,,False,landmark within bearing,bearing
4,fixed_horizon_30,landmark_km_baseline,Bearing2_4,30.0,,,False,landmark within bearing,bearing
4,fixed_horizon_30,landmark_km_baseline,Bearing2_4,60.0,,,False,landmark within bearing,bearing
4,fixed_horizon_30,landmark_km_baseline,Bearing2_4,120.0,,,False,landmark within bearing,bearing
4,fixed_horizon_30,landmark_km_baseline,Bearing2_4,240.0,,,False,landmark within bearing,bearing
4,fixed_horizon_30,landmark_km_baseline,Bearing3_4,30.0,,,False,landmark within bearing,bearing
4,fixed_horizon_30,landmark_km_baseline,Bearing3_4,60.0,,,False,landmark within bearing,bearing
4,fixed_horizon_30,landmark_km_baseline,Bearing3_4,120.0,,,False,landmark within bearing,bearing
4,fixed_horizon_30,landmark_km_baseline,Bearing3_4,240.0,,,False,landmark within bearing,bearing
4,fixed_horizon_30,random_survival_forest,Bearing1_4,30.0,,,False,landmark within bearing,bearing
4,fixed_horizon_30,random_survival_forest,Bearing1_4,60.0,,,False,landmark within bearing,bearing
4,fixed_horizon_30,random_survival_forest,Bearing1_4,120.0,,,False,landmark within bearing,bearing
4,fixed_horizon_30,random_survival_forest,Bearing1_4,240.0,,,False,landmark within bearing,bearing
4,fixed_horizon_30,random_survival_forest,Bearing2_4,30.0,,,False,landmark within bearing,bearing
4,fixed_horizon_30,random_survival_forest,Bearing2_4,60.0,,,False,landmark within bearing,bearing
4,fixed_horizon_30,random_survival_forest,Bearing2_4,120.0,,,False,landmark within bearing,bearing
4,fixed_horizon_30,random_survival_forest,Bearing2_4,240.0,,,False,landmark within bearing,bearing
4,fixed_horizon_30,random_survival_forest,Bearing3_4,30.0,,,False,landmark within bearing,bearing
4,fixed_horizon_30,random_survival_forest,Bearing3_4,60.0,,,False,landmark within bearing,bearing
4,fixed_horizon_30,random_survival_forest,Bearing3_4,120.0,,,False,landmark within bearing,bearing
4,fixed_horizon_30,random_survival_forest,Bearing3_4,240.0,,,False,landmark within bearing,bearing
4,fixed_horizon_60,cox_causal_features,Bearing1_4,30.0,30.75,0.6398693486487577,True,landmark within bearing,bearing
4,fixed_horizon_60,cox_causal_features,Bearing1_4,60.0,,,False,landmark within bearing,bearing
4,fixed_horizon_60,cox_causal_features,Bearing1_4,120.0,,,False,landmark within bearing,bearing
4,fixed_horizon_60,cox_causal_features,Bearing1_4,240.0,,,False,landmark within bearing,bearing
4,fixed_horizon_60,cox_causal_features,Bearing2_4,30.0,,,False,landmark within bearing,bearing
4,fixed_horizon_60,cox_causal_features,Bearing2_4,60.0,,,False,landmark within bearing,bearing
4,fixed_horizon_60,cox_causal_features,Bearing2_4,120.0,,,False,landmark within bearing,bearing
4,fixed_horizon_60,cox_causal_features,Bearing2_4,240.0,,,False,landmark within bearing,bearing
4,fixed_horizon_60,cox_causal_features,Bearing3_4,30.0,30.75,0.04478229103901884,True,landmark within bearing,bearing
4,fixed_horizon_60,cox_causal_features,Bearing3_4,60.0,,,False,landmark within bearing,bearing
4,fixed_horizon_60,cox_causal_features,Bearing3_4,120.0,,,False,landmark within bearing,bearing
4,fixed_horizon_60,cox_causal_features,Bearing3_4,240.0,,,False,landmark within bearing,bearing
4,fixed_horizon_60,cox_context_only,Bearing1_4,30.0,30.75,0.36296542314518243,True,landmark within bearing,bearing
4,fixed_horizon_60,cox_context_only,Bearing1_4,60.0,,,False,landmark within bearing,bearing
4,fixed_horizon_60,cox_context_only,Bearing1_4,120.0,,,False,landmark within bearing,bearing
4,fixed_horizon_60,cox_context_only,Bearing1_4,240.0,,,False,landmark within bearing,bearing
4,fixed_horizon_60,cox_context_only,Bearing2_4,30.0,,,False,landmark within bearing,bearing
4,fixed_horizon_60,cox_context_only,Bearing2_4,60.0,,,False,landmark within bearing,bearing
4,fixed_horizon_60,cox_context_only,Bearing2_4,120.0,,,False,landmark within bearing,bearing
4,fixed_horizon_60,cox_context_only,Bearing2_4,240.0,,,False,landmark within bearing,bearing
4,fixed_horizon_60,cox_context_only,Bearing3_4,30.0,30.75,0.5354538410624513,True,landmark within bearing,bearing
4,fixed_horizon_60,cox_context_only,Bearing3_4,60.0,,,False,landmark within bearing,bearing
4,fixed_horizon_60,cox_context_only,Bearing3_4,120.0,,,False,landmark within bearing,bearing
4,fixed_horizon_60,cox_context_only,Bearing3_4,240.0,,,False,landmark within bearing,bearing
4,fixed_horizon_60,landmark_km_baseline,Bearing1_4,30.0,30.75,0.3850440917107583,True,landmark within bearing,bearing
4,fixed_horizon_60,landmark_km_baseline,Bearing1_4,60.0,,,False,landmark within bearing,bearing
4,fixed_horizon_60,landmark_km_baseline,Bearing1_4,120.0,,,False,landmark within bearing,bearing
4,fixed_horizon_60,landmark_km_baseline,Bearing1_4,240.0,,,False,landmark within bearing,bearing
4,fixed_horizon_60,landmark_km_baseline,Bearing2_4,30.0,,,False,landmark within bearing,bearing
4,fixed_horizon_60,landmark_km_baseline,Bearing2_4,60.0,,,False,landmark within bearing,bearing
4,fixed_horizon_60,landmark_km_baseline,Bearing2_4,120.0,,,False,landmark within bearing,bearing
4,fixed_horizon_60,landmark_km_baseline,Bearing2_4,240.0,,,False,landmark within bearing,bearing
4,fixed_horizon_60,landmark_km_baseline,Bearing3_4,30.0,30.75,0.1030041152263375,True,landmark within bearing,bearing
4,fixed_horizon_60,landmark_km_baseline,Bearing3_4,60.0,,,False,landmark within bearing,bearing
4,fixed_horizon_60,landmark_km_baseline,Bearing3_4,120.0,,,False,landmark within bearing,bearing
4,fixed_horizon_60,landmark_km_baseline,Bearing3_4,240.0,,,False,landmark within bearing,bearing
4,fixed_horizon_60,random_survival_forest,Bearing1_4,30.0,30.75,0.7142857142857143,True,landmark within bearing,bearing
4,fixed_horizon_60,random_survival_forest,Bearing1_4,60.0,,,False,landmark within bearing,bearing
4,fixed_horizon_60,random_survival_forest,Bearing1_4,120.0,,,False,landmark within bearing,bearing
4,fixed_horizon_60,random_survival_forest,Bearing1_4,240.0,,,False,landmark within bearing,bearing
4,fixed_horizon_60,random_survival_forest,Bearing2_4,30.0,,,False,landmark within bearing,bearing
4,fixed_horizon_60,random_survival_forest,Bearing2_4,60.0,,,False,landmark within bearing,bearing
4,fixed_horizon_60,random_survival_forest,Bearing2_4,120.0,,,False,landmark within bearing,bearing
4,fixed_horizon_60,random_survival_forest,Bearing2_4,240.0,,,False,landmark within bearing,bearing
4,fixed_horizon_60,random_survival_forest,Bearing3_4,30.0,30.75,0.030965666173517134,True,landmark within bearing,bearing
4,fixed_horizon_60,random_survival_forest,Bearing3_4,60.0,,,False,landmark within bearing,bearing
4,fixed_horizon_60,random_survival_forest,Bearing3_4,120.0,,,False,landmark within bearing,bearing
4,fixed_horizon_60,random_survival_forest,Bearing3_4,240.0,,,False,landmark within bearing,bearing
4,full_event,cox_causal_features,Bearing3_4,30.0,,,False,landmark within bearing,bearing
4,full_event,cox_causal_features,Bearing3_4,60.0,82.0,0.06861155302247261,True,landmark within bearing,bearing
4,full_event,cox_causal_features,Bearing3_4,120.0,82.0,0.06861155302247261,True,landmark within bearing,bearing
4,full_event,cox_causal_features,Bearing3_4,240.0,257.875,0.2462176007564203,True,landmark within bearing,bearing
4,full_event,cox_context_only,Bearing3_4,30.0,,,False,landmark within bearing,bearing
4,full_event,cox_context_only,Bearing3_4,60.0,82.0,0.8611111111111112,True,landmark within bearing,bearing
4,full_event,cox_context_only,Bearing3_4,120.0,82.0,0.8611111111111112,True,landmark within bearing,bearing
4,full_event,cox_context_only,Bearing3_4,240.0,257.875,0.5370370370370371,True,landmark within bearing,bearing
4,full_event,landmark_km_baseline,Bearing3_4,30.0,,,False,landmark within bearing,bearing
4,full_event,landmark_km_baseline,Bearing3_4,60.0,82.0,0.2932098765432099,True,landmark within bearing,bearing
4,full_event,landmark_km_baseline,Bearing3_4,120.0,82.0,0.2932098765432099,True,landmark within bearing,bearing
4,full_event,landmark_km_baseline,Bearing3_4,240.0,257.875,0.3342386831275719,True,landmark within bearing,bearing
4,full_event,random_survival_forest,Bearing3_4,30.0,,,False,landmark within bearing,bearing
4,full_event,random_survival_forest,Bearing3_4,60.0,82.0,0.02856851075887223,True,landmark within bearing,bearing
4,full_event,random_survival_forest,Bearing3_4,120.0,82.0,0.02856851075887223,True,landmark within bearing,bearing
4,full_event,random_survival_forest,Bearing3_4,240.0,257.875,0.197157318986236,True,landmark within bearing,bearing
4,target_censoring_25,cox_causal_features,Bearing3_4,30.0,,,False,landmark within bearing,bearing
4,target_censoring_25,cox_causal_features,Bearing3_4,60.0,61.30000000000001,0.09602696574057273,True,landmark within bearing,bearing
4,target_censoring_25,cox_causal_features,Bearing3_4,120.0,121.79166666666669,0.2786899889074478,True,landmark within bearing,bearing
4,target_censoring_25,cox_causal_features,Bearing3_4,240.0,242.77500000000003,0.2658870475942514,True,landmark within bearing,bearing
4,target_censoring_25,cox_context_only,Bearing3_4,30.0,,,False,landmark within bearing,bearing
4,target_censoring_25,cox_context_only,Bearing3_4,60.0,61.30000000000001,0.8981481481481481,True,landmark within bearing,bearing
4,target_censoring_25,cox_context_only,Bearing3_4,120.0,121.79166666666669,0.7870370370370371,True,landmark within bearing,bearing
4,target_censoring_25,cox_context_only,Bearing3_4,240.0,242.77500000000003,0.5648148148148148,True,landmark within bearing,bearing
4,target_censoring_25,landmark_km_baseline,Bearing3_4,30.0,,,False,landmark within bearing,bearing
4,target_censoring_25,landmark_km_baseline,Bearing3_4,60.0,61.30000000000001,0.22456790123456788,True,landmark within bearing,bearing
4,target_censoring_25,landmark_km_baseline,Bearing3_4,120.0,121.79166666666669,0.41576131687242784,True,landmark within bearing,bearing
4,target_censoring_25,landmark_km_baseline,Bearing3_4,240.0,242.77500000000003,0.3484362139917694,True,landmark within bearing,bearing
4,target_censoring_25,random_survival_forest,Bearing3_4,30.0,,,False,landmark within bearing,bearing
4,target_censoring_25,random_survival_forest,Bearing3_4,60.0,61.30000000000001,0.04786659904894378,True,landmark within bearing,bearing
4,target_censoring_25,random_survival_forest,Bearing3_4,120.0,121.79166666666669,0.08809389069253498,True,landmark within bearing,bearing
4,target_censoring_25,random_survival_forest,Bearing3_4,240.0,242.77500000000003,0.19468321522274515,True,landmark within bearing,bearing
4,target_censoring_50,cox_causal_features,Bearing3_4,30.0,39.400000000000006,0.05909077554541441,True,landmark within bearing,bearing
4,target_censoring_50,cox_causal_features,Bearing3_4,60.0,72.57500000000002,0.07132885990074594,True,landmark within bearing,bearing
4,target_censoring_50,cox_causal_features,Bearing3_4,120.0,105.75000000000001,0.21207717598912315,True,landmark within bearing,bearing
4,target_censoring_50,cox_causal_features,Bearing3_4,240.0,238.45000000000002,0.24357150973024508,True,landmark within bearing,bearing
4,target_censoring_50,cox_context_only,Bearing3_4,30.0,39.400000000000006,0.5981563903839278,True,landmark within bearing,bearing
4,target_censoring_50,cox_context_only,Bearing3_4,60.0,72.57500000000002,0.7719184652673083,True,landmark within bearing,bearing
4,target_censoring_50,cox_context_only,Bearing3_4,120.0,105.75000000000001,0.8016679797667466,True,landmark within bearing,bearing
4,target_censoring_50,cox_context_only,Bearing3_4,240.0,238.45000000000002,0.5623350244813655,True,landmark within bearing,bearing
4,target_censoring_50,landmark_km_baseline,Bearing3_4,30.0,39.400000000000006,0.1451440329218107,True,landmark within bearing,bearing
4,target_censoring_50,landmark_km_baseline,Bearing3_4,60.0,72.57500000000002,0.2585596707818929,True,landmark within bearing,bearing
4,target_censoring_50,landmark_km_baseline,Bearing3_4,120.0,105.75000000000001,0.40460905349794246,True,landmark within bearing,bearing
4,target_censoring_50,landmark_km_baseline,Bearing3_4,240.0,238.45000000000002,0.3484362139917694,True,landmark within bearing,bearing
4,target_censoring_50,random_survival_forest,Bearing3_4,30.0,39.400000000000006,0.035584749626343816,True,landmark within bearing,bearing
4,target_censoring_50,random_survival_forest,Bearing3_4,60.0,72.57500000000002,0.02209406869302559,True,landmark within bearing,bearing
4,target_censoring_50,random_survival_forest,Bearing3_4,120.0,105.75000000000001,0.032401065567621755,True,landmark within bearing,bearing
4,target_censoring_50,random_survival_forest,Bearing3_4,240.0,238.45000000000002,0.18280489146699727,True,landmark within bearing,bearing
4,target_censoring_75,cox_causal_features,Bearing1_4,30.0,32.708333333333336,0.5297742148144452,True,landmark within bearing,bearing
4,target_censoring_75,cox_causal_features,Bearing1_4,60.0,,,False,landmark within bearing,bearing
4,target_censoring_75,cox_causal_features,Bearing1_4,120.0,,,False,landmark within bearing,bearing
4,target_censoring_75,cox_causal_features,Bearing1_4,240.0,,,False,landmark within bearing,bearing
4,target_censoring_75,cox_causal_features,Bearing3_4,30.0,32.708333333333336,0.06334238451008838,True,landmark within bearing,bearing
4,target_censoring_75,cox_causal_features,Bearing3_4,60.0,64.83333333333334,0.0831110743865243,True,landmark within bearing,bearing
4,target_censoring_75,cox_causal_features,Bearing3_4,120.0,118.375,0.26340008121195846,True,landmark within bearing,bearing
4,target_censoring_75,cox_causal_features,Bearing3_4,240.0,236.16666666666669,0.2619976991843089,True,landmark within bearing,bearing
4,target_censoring_75,cox_context_only,Bearing1_4,30.0,32.708333333333336,0.32462394204820705,True,landmark within bearing,bearing
4,target_censoring_75,cox_context_only,Bearing1_4,60.0,,,False,landmark within bearing,bearing
4,target_censoring_75,cox_context_only,Bearing1_4,120.0,,,False,landmark within bearing,bearing
4,target_censoring_75,cox_context_only,Bearing1_4,240.0,,,False,landmark within bearing,bearing
4,target_censoring_75,cox_context_only,Bearing3_4,30.0,32.708333333333336,0.5562139776255342,True,landmark within bearing,bearing
4,target_censoring_75,cox_context_only,Bearing3_4,60.0,64.83333333333334,0.7805237317869091,True,landmark within bearing,bearing
4,target_censoring_75,cox_context_only,Bearing3_4,120.0,118.375,0.7811751613815956,True,landmark within bearing,bearing
4,target_censoring_75,cox_context_only,Bearing3_4,240.0,236.16666666666669,0.5725433180710601,True,landmark within bearing,bearing
4,target_censoring_75,landmark_km_baseline,Bearing1_4,30.0,32.708333333333336,0.3666313932980599,True,landmark within bearing,bearing
4,target_censoring_75,landmark_km_baseline,Bearing1_4,60.0,,,False,landmark within bearing,bearing
4,target_censoring_75,landmark_km_baseline,Bearing1_4,120.0,,,False,landmark within bearing,bearing
4,target_censoring_75,landmark_km_baseline,Bearing1_4,240.0,,,False,landmark within bearing,bearing
4,target_censoring_75,landmark_km_baseline,Bearing3_4,30.0,32.708333333333336,0.11427983539094656,True,landmark within bearing,bearing
4,target_censoring_75,landmark_km_baseline,Bearing3_4,60.0,64.83333333333334,0.24148148148148138,True,landmark within bearing,bearing
4,target_censoring_75,landmark_km_baseline,Bearing3_4,120.0,118.375,0.41576131687242784,True,landmark within bearing,bearing
4,target_censoring_75,landmark_km_baseline,Bearing3_4,240.0,236.16666666666669,0.3531687242798352,True,landmark within bearing,bearing
4,target_censoring_75,random_survival_forest,Bearing1_4,30.0,32.708333333333336,0.7142857142857143,True,landmark within bearing,bearing
4,target_censoring_75,random_survival_forest,Bearing1_4,60.0,,,False,landmark within bearing,bearing
4,target_censoring_75,random_survival_forest,Bearing1_4,120.0,,,False,landmark within bearing,bearing
4,target_censoring_75,random_survival_forest,Bearing1_4,240.0,,,False,landmark within bearing,bearing
4,target_censoring_75,random_survival_forest,Bearing3_4,30.0,32.708333333333336,0.04401497452096771,True,landmark within bearing,bearing
4,target_censoring_75,random_survival_forest,Bearing3_4,60.0,64.83333333333334,0.055404062866820154,True,landmark within bearing,bearing
4,target_censoring_75,random_survival_forest,Bearing3_4,120.0,118.375,0.05128723030147976,True,landmark within bearing,bearing
4,target_censoring_75,random_survival_forest,Bearing3_4,240.0,236.16666666666669,0.19108860753408582,True,landmark within bearing,bearing
5,fixed_horizon_120,cox_causal_features,Bearing1_5,30.0,,,False,landmark within bearing,bearing
5,fixed_horizon_120,cox_causal_features,Bearing1_5,60.0,,,False,landmark within bearing,bearing
5,fixed_horizon_120,cox_causal_features,Bearing1_5,120.0,,,False,landmark within bearing,bearing
5,fixed_horizon_120,cox_causal_features,Bearing1_5,240.0,,,False,landmark within bearing,bearing
5,fixed_horizon_120,cox_causal_features,Bearing2_5,30.0,28.958333333333336,0.1644438404606872,True,landmark within bearing,bearing
5,fixed_horizon_120,cox_causal_features,Bearing2_5,60.0,57.708333333333336,0.27269887200097254,True,landmark within bearing,bearing
5,fixed_horizon_120,cox_causal_features,Bearing2_5,120.0,,,False,landmark within bearing,bearing
5,fixed_horizon_120,cox_causal_features,Bearing2_5,240.0,,,False,landmark within bearing,bearing
5,fixed_horizon_120,cox_causal_features,Bearing3_5,30.0,28.958333333333336,0.29388453018677285,True,landmark within bearing,bearing
5,fixed_horizon_120,cox_causal_features,Bearing3_5,60.0,57.708333333333336,0.36908114766876904,True,landmark within bearing,bearing
5,fixed_horizon_120,cox_causal_features,Bearing3_5,120.0,,,False,landmark within bearing,bearing
5,fixed_horizon_120,cox_causal_features,Bearing3_5,240.0,,,False,landmark within bearing,bearing
5,fixed_horizon_120,cox_context_only,Bearing1_5,30.0,,,False,landmark within bearing,bearing
5,fixed_horizon_120,cox_context_only,Bearing1_5,60.0,,,False,landmark within bearing,bearing
5,fixed_horizon_120,cox_context_only,Bearing1_5,120.0,,,False,landmark within bearing,bearing
5,fixed_horizon_120,cox_context_only,Bearing1_5,240.0,,,False,landmark within bearing,bearing
5,fixed_horizon_120,cox_context_only,Bearing2_5,30.0,28.958333333333336,0.16804306553847043,True,landmark within bearing,bearing
5,fixed_horizon_120,cox_context_only,Bearing2_5,60.0,57.708333333333336,0.31621782232748197,True,landmark within bearing,bearing
5,fixed_horizon_120,cox_context_only,Bearing2_5,120.0,,,False,landmark within bearing,bearing
5,fixed_horizon_120,cox_context_only,Bearing2_5,240.0,,,False,landmark within bearing,bearing
5,fixed_horizon_120,cox_context_only,Bearing3_5,30.0,28.958333333333336,0.23865394047869531,True,landmark within bearing,bearing
5,fixed_horizon_120,cox_context_only,Bearing3_5,60.0,57.708333333333336,0.3062660730912685,True,landmark within bearing,bearing
5,fixed_horizon_120,cox_context_only,Bearing3_5,120.0,,,False,landmark within bearing,bearing
5,fixed_horizon_120,cox_context_only,Bearing3_5,240.0,,,False,landmark within bearing,bearing
5,fixed_horizon_120,landmark_km_baseline,Bearing1_5,30.0,,,False,landmark within bearing,bearing
5,fixed_horizon_120,landmark_km_baseline,Bearing1_5,60.0,,,False,landmark within bearing,bearing
5,fixed_horizon_120,landmark_km_baseline,Bearing1_5,120.0,,,False,landmark within bearing,bearing
5,fixed_horizon_120,landmark_km_baseline,Bearing1_5,240.0,,,False,landmark within bearing,bearing
5,fixed_horizon_120,landmark_km_baseline,Bearing2_5,30.0,28.958333333333336,0.1417636684303351,True,landmark within bearing,bearing
5,fixed_horizon_120,landmark_km_baseline,Bearing2_5,60.0,57.708333333333336,0.24483245149911823,True,landmark within bearing,bearing
5,fixed_horizon_120,landmark_km_baseline,Bearing2_5,120.0,,,False,landmark within bearing,bearing
5,fixed_horizon_120,landmark_km_baseline,Bearing2_5,240.0,,,False,landmark within bearing,bearing
5,fixed_horizon_120,landmark_km_baseline,Bearing3_5,30.0,28.958333333333336,0.19123456790123458,True,landmark within bearing,bearing
5,fixed_horizon_120,landmark_km_baseline,Bearing3_5,60.0,57.708333333333336,0.25012345679012343,True,landmark within bearing,bearing
5,fixed_horizon_120,landmark_km_baseline,Bearing3_5,120.0,,,False,landmark within bearing,bearing
5,fixed_horizon_120,landmark_km_baseline,Bearing3_5,240.0,,,False,landmark within bearing,bearing
5,fixed_horizon_120,random_survival_forest,Bearing1_5,30.0,,,False,landmark within bearing,bearing
5,fixed_horizon_120,random_survival_forest,Bearing1_5,60.0,,,False,landmark within bearing,bearing
5,fixed_horizon_120,random_survival_forest,Bearing1_5,120.0,,,False,landmark within bearing,bearing
5,fixed_horizon_120,random_survival_forest,Bearing1_5,240.0,,,False,landmark within bearing,bearing
5,fixed_horizon_120,random_survival_forest,Bearing2_5,30.0,28.958333333333336,0.2353248259523695,True,landmark within bearing,bearing
5,fixed_horizon_120,random_survival_forest,Bearing2_5,60.0,57.708333333333336,0.26389297595590894,True,landmark within bearing,bearing
5,fixed_horizon_120,random_survival_forest,Bearing2_5,120.0,,,False,landmark within bearing,bearing
5,fixed_horizon_120,random_survival_forest,Bearing2_5,240.0,,,False,landmark within bearing,bearing
5,fixed_horizon_120,random_survival_forest,Bearing3_5,30.0,28.958333333333336,0.2994165346185056,True,landmark within bearing,bearing
5,fixed_horizon_120,random_survival_forest,Bearing3_5,60.0,57.708333333333336,0.2579183438965035,True,landmark within bearing,bearing
5,fixed_horizon_120,random_survival_forest,Bearing3_5,120.0,,,False,landmark within bearing,bearing
5,fixed_horizon_120,random_survival_forest,Bearing3_5,240.0,,,False,landmark within bearing,bearing
5,fixed_horizon_240,cox_causal_features,Bearing1_5,30.0,,,False,landmark within bearing,bearing
5,fixed_horizon_240,cox_causal_features,Bearing1_5,60.0,,,False,landmark within bearing,bearing
5,fixed_horizon_240,cox_causal_features,Bearing1_5,120.0,,,False,landmark within bearing,bearing
5,fixed_horizon_240,cox_causal_features,Bearing1_5,240.0,,,False,landmark within bearing,bearing
5,fixed_horizon_240,cox_causal_features,Bearing2_5,30.0,28.799999999999997,0.3869494986138055,True,landmark within bearing,bearing
5,fixed_horizon_240,cox_causal_features,Bearing2_5,60.0,57.6,0.38113265636467714,True,landmark within bearing,bearing
5,fixed_horizon_240,cox_causal_features,Bearing2_5,120.0,124.79999999999998,0.31619074478033515,True,landmark within bearing,bearing
5,fixed_horizon_240,cox_causal_features,Bearing2_5,240.0,,,False,landmark within bearing,bearing
5,fixed_horizon_240,cox_causal_features,Bearing3_5,30.0,28.799999999999997,0.553950418462234,True,landmark within bearing,bearing
5,fixed_horizon_240,cox_causal_features,Bearing3_5,60.0,57.6,0.5759804025941307,True,landmark within bearing,bearing
5,fixed_horizon_240,cox_causal_features,Bearing3_5,120.0,,,False,landmark within bearing,bearing
5,fixed_horizon_240,cox_causal_features,Bearing3_5,240.0,,,False,landmark within bearing,bearing
5,fixed_horizon_240,cox_context_only,Bearing1_5,30.0,,,False,landmark within bearing,bearing
5,fixed_horizon_240,cox_context_only,Bearing1_5,60.0,,,False,landmark within bearing,bearing
5,fixed_horizon_240,cox_context_only,Bearing1_5,120.0,,,False,landmark within bearing,bearing
5,fixed_horizon_240,cox_context_only,Bearing1_5,240.0,,,False,landmark within bearing,bearing
5,fixed_horizon_240,cox_context_only,Bearing2_5,30.0,28.799999999999997,0.16146279704669744,True,landmark within bearing,bearing
5,fixed_horizon_240,cox_context_only,Bearing2_5,60.0,57.6,0.2923957877359896,True,landmark within bearing,bearing
5,fixed_horizon_240,cox_context_only,Bearing2_5,120.0,124.79999999999998,0.3254117974558198,True,landmark within bearing,bearing
5,fixed_horizon_240,cox_context_only,Bearing2_5,240.0,,,False,landmark within bearing,bearing
5,fixed_horizon_240,cox_context_only,Bearing3_5,30.0,28.799999999999997,0.21650324659918993,True,landmark within bearing,bearing
5,fixed_horizon_240,cox_context_only,Bearing3_5,60.0,57.6,0.27589762349033575,True,landmark within bearing,bearing
5,fixed_horizon_240,cox_context_only,Bearing3_5,120.0,,,False,landmark within bearing,bearing
5,fixed_horizon_240,cox_context_only,Bearing3_5,240.0,,,False,landmark within bearing,bearing
5,fixed_horizon_240,landmark_km_baseline,Bearing1_5,30.0,,,False,landmark within bearing,bearing
5,fixed_horizon_240,landmark_km_baseline,Bearing1_5,60.0,,,False,landmark within bearing,bearing
5,fixed_horizon_240,landmark_km_baseline,Bearing1_5,120.0,,,False,landmark within bearing,bearing
5,fixed_horizon_240,landmark_km_baseline,Bearing1_5,240.0,,,False,landmark within bearing,bearing
5,fixed_horizon_240,landmark_km_baseline,Bearing2_5,30.0,28.799999999999997,0.1417636684303351,True,landmark within bearing,bearing
5,fixed_horizon_240,landmark_km_baseline,Bearing2_5,60.0,57.6,0.24483245149911823,True,landmark within bearing,bearing
5,fixed_horizon_240,landmark_km_baseline,Bearing2_5,120.0,124.79999999999998,0.2644091710758377,True,landmark within bearing,bearing
5,fixed_horizon_240,landmark_km_baseline,Bearing2_5,240.0,,,False,landmark within bearing,bearing
5,fixed_horizon_240,landmark_km_baseline,Bearing3_5,30.0,28.799999999999997,0.19123456790123458,True,landmark within bearing,bearing
5,fixed_horizon_240,landmark_km_baseline,Bearing3_5,60.0,57.6,0.25012345679012343,True,landmark within bearing,bearing
5,fixed_horizon_240,landmark_km_baseline,Bearing3_5,120.0,,,False,landmark within bearing,bearing
5,fixed_horizon_240,landmark_km_baseline,Bearing3_5,240.0,,,False,landmark within bearing,bearing
5,fixed_horizon_240,random_survival_forest,Bearing1_5,30.0,,,False,landmark within bearing,bearing
5,fixed_horizon_240,random_survival_forest,Bearing1_5,60.0,,,False,landmark within bearing,bearing
5,fixed_horizon_240,random_survival_forest,Bearing1_5,120.0,,,False,landmark within bearing,bearing
5,fixed_horizon_240,random_survival_forest,Bearing1_5,240.0,,,False,landmark within bearing,bearing
5,fixed_horizon_240,random_survival_forest,Bearing2_5,30.0,28.799999999999997,0.24120097922564496,True,landmark within bearing,bearing
5,fixed_horizon_240,random_survival_forest,Bearing2_5,60.0,57.6,0.2746001726103331,True,landmark within bearing,bearing
5,fixed_horizon_240,random_survival_forest,Bearing2_5,120.0,124.79999999999998,0.24522748057007634,True,landmark within bearing,bearing
5,fixed_horizon_240,random_survival_forest,Bearing2_5,240.0,,,False,landmark within bearing,bearing
5,fixed_horizon_240,random_survival_forest,Bearing3_5,30.0,28.799999999999997,0.2997376698873907,True,landmark within bearing,bearing
5,fixed_horizon_240,random_survival_forest,Bearing3_5,60.0,57.6,0.26692130631970346,True,landmark within bearing,bearing
5,fixed_horizon_240,random_survival_forest,Bearing3_5,120.0,,,False,landmark within bearing,bearing
5,fixed_horizon_240,random_survival_forest,Bearing3_5,240.0,,,False,landmark within bearing,bearing
5,fixed_horizon_30,cox_causal_features,Bearing1_5,30.0,,,False,landmark within bearing,bearing
5,fixed_horizon_30,cox_causal_features,Bearing1_5,60.0,,,False,landmark within bearing,bearing
5,fixed_horizon_30,cox_causal_features,Bearing1_5,120.0,,,False,landmark within bearing,bearing
5,fixed_horizon_30,cox_causal_features,Bearing1_5,240.0,,,False,landmark within bearing,bearing
5,fixed_horizon_30,cox_causal_features,Bearing2_5,30.0,,,False,landmark within bearing,bearing
5,fixed_horizon_30,cox_causal_features,Bearing2_5,60.0,,,False,landmark within bearing,bearing
5,fixed_horizon_30,cox_causal_features,Bearing2_5,120.0,,,False,landmark within bearing,bearing
5,fixed_horizon_30,cox_causal_features,Bearing2_5,240.0,,,False,landmark within bearing,bearing
5,fixed_horizon_30,cox_causal_features,Bearing3_5,30.0,,,False,landmark within bearing,bearing
5,fixed_horizon_30,cox_causal_features,Bearing3_5,60.0,,,False,landmark within bearing,bearing
5,fixed_horizon_30,cox_causal_features,Bearing3_5,120.0,,,False,landmark within bearing,bearing
5,fixed_horizon_30,cox_causal_features,Bearing3_5,240.0,,,False,landmark within bearing,bearing
5,fixed_horizon_30,cox_context_only,Bearing1_5,30.0,,,False,landmark within bearing,bearing
5,fixed_horizon_30,cox_context_only,Bearing1_5,60.0,,,False,landmark within bearing,bearing
5,fixed_horizon_30,cox_context_only,Bearing1_5,120.0,,,False,landmark within bearing,bearing
5,fixed_horizon_30,cox_context_only,Bearing1_5,240.0,,,False,landmark within bearing,bearing
5,fixed_horizon_30,cox_context_only,Bearing2_5,30.0,,,False,landmark within bearing,bearing
5,fixed_horizon_30,cox_context_only,Bearing2_5,60.0,,,False,landmark within bearing,bearing
5,fixed_horizon_30,cox_context_only,Bearing2_5,120.0,,,False,landmark within bearing,bearing
5,fixed_horizon_30,cox_context_only,Bearing2_5,240.0,,,False,landmark within bearing,bearing
5,fixed_horizon_30,cox_context_only,Bearing3_5,30.0,,,False,landmark within bearing,bearing
5,fixed_horizon_30,cox_context_only,Bearing3_5,60.0,,,False,landmark within bearing,bearing
5,fixed_horizon_30,cox_context_only,Bearing3_5,120.0,,,False,landmark within bearing,bearing
5,fixed_horizon_30,cox_context_only,Bearing3_5,240.0,,,False,landmark within bearing,bearing
5,fixed_horizon_30,landmark_km_baseline,Bearing1_5,30.0,,,False,landmark within bearing,bearing
5,fixed_horizon_30,landmark_km_baseline,Bearing1_5,60.0,,,False,landmark within bearing,bearing
5,fixed_horizon_30,landmark_km_baseline,Bearing1_5,120.0,,,False,landmark within bearing,bearing
5,fixed_horizon_30,landmark_km_baseline,Bearing1_5,240.0,,,False,landmark within bearing,bearing
5,fixed_horizon_30,landmark_km_baseline,Bearing2_5,30.0,,,False,landmark within bearing,bearing
5,fixed_horizon_30,landmark_km_baseline,Bearing2_5,60.0,,,False,landmark within bearing,bearing
5,fixed_horizon_30,landmark_km_baseline,Bearing2_5,120.0,,,False,landmark within bearing,bearing
5,fixed_horizon_30,landmark_km_baseline,Bearing2_5,240.0,,,False,landmark within bearing,bearing
5,fixed_horizon_30,landmark_km_baseline,Bearing3_5,30.0,,,False,landmark within bearing,bearing
5,fixed_horizon_30,landmark_km_baseline,Bearing3_5,60.0,,,False,landmark within bearing,bearing
5,fixed_horizon_30,landmark_km_baseline,Bearing3_5,120.0,,,False,landmark within bearing,bearing
5,fixed_horizon_30,landmark_km_baseline,Bearing3_5,240.0,,,False,landmark within bearing,bearing
5,fixed_horizon_30,random_survival_forest,Bearing1_5,30.0,,,False,landmark within bearing,bearing
5,fixed_horizon_30,random_survival_forest,Bearing1_5,60.0,,,False,landmark within bearing,bearing
5,fixed_horizon_30,random_survival_forest,Bearing1_5,120.0,,,False,landmark within bearing,bearing
5,fixed_horizon_30,random_survival_forest,Bearing1_5,240.0,,,False,landmark within bearing,bearing
5,fixed_horizon_30,random_survival_forest,Bearing2_5,30.0,,,False,landmark within bearing,bearing
5,fixed_horizon_30,random_survival_forest,Bearing2_5,60.0,,,False,landmark within bearing,bearing
5,fixed_horizon_30,random_survival_forest,Bearing2_5,120.0,,,False,landmark within bearing,bearing
5,fixed_horizon_30,random_survival_forest,Bearing2_5,240.0,,,False,landmark within bearing,bearing
5,fixed_horizon_30,random_survival_forest,Bearing3_5,30.0,,,False,landmark within bearing,bearing
5,fixed_horizon_30,random_survival_forest,Bearing3_5,60.0,,,False,landmark within bearing,bearing
5,fixed_horizon_30,random_survival_forest,Bearing3_5,120.0,,,False,landmark within bearing,bearing
5,fixed_horizon_30,random_survival_forest,Bearing3_5,240.0,,,False,landmark within bearing,bearing
5,fixed_horizon_60,cox_causal_features,Bearing1_5,30.0,,,False,landmark within bearing,bearing
5,fixed_horizon_60,cox_causal_features,Bearing1_5,60.0,,,False,landmark within bearing,bearing
5,fixed_horizon_60,cox_causal_features,Bearing1_5,120.0,,,False,landmark within bearing,bearing
5,fixed_horizon_60,cox_causal_features,Bearing1_5,240.0,,,False,landmark within bearing,bearing
5,fixed_horizon_60,cox_causal_features,Bearing2_5,30.0,30.208333333333332,0.4172412506807063,True,landmark within bearing,bearing
5,fixed_horizon_60,cox_causal_features,Bearing2_5,60.0,,,False,landmark within bearing,bearing
5,fixed_horizon_60,cox_causal_features,Bearing2_5,120.0,,,False,landmark within bearing,bearing
5,fixed_horizon_60,cox_causal_features,Bearing2_5,240.0,,,False,landmark within bearing,bearing
5,fixed_horizon_60,cox_causal_features,Bearing3_5,30.0,30.208333333333332,0.4635360163773058,True,landmark within bearing,bearing
5,fixed_horizon_60,cox_causal_features,Bearing3_5,60.0,,,False,landmark within bearing,bearing
5,fixed_horizon_60,cox_causal_features,Bearing3_5,120.0,,,False,landmark within bearing,bearing
5,fixed_horizon_60,cox_causal_features,Bearing3_5,240.0,,,False,landmark within bearing,bearing
5,fixed_horizon_60,cox_context_only,Bearing1_5,30.0,,,False,landmark within bearing,bearing
5,fixed_horizon_60,cox_context_only,Bearing1_5,60.0,,,False,landmark within bearing,bearing
5,fixed_horizon_60,cox_context_only,Bearing1_5,120.0,,,False,landmark within bearing,bearing
5,fixed_horizon_60,cox_context_only,Bearing1_5,240.0,,,False,landmark within bearing,bearing
5,fixed_horizon_60,cox_context_only,Bearing2_5,30.0,30.208333333333332,0.17321566499453778,True,landmark within bearing,bearing
5,fixed_horizon_60,cox_context_only,Bearing2_5,60.0,,,False,landmark within bearing,bearing
5,fixed_horizon_60,cox_context_only,Bearing2_5,120.0,,,False,landmark within bearing,bearing
5,fixed_horizon_60,cox_context_only,Bearing2_5,240.0,,,False,landmark within bearing,bearing
5,fixed_horizon_60,cox_context_only,Bearing3_5,30.0,30.208333333333332,0.25421768788242527,True,landmark within bearing,bearing
5,fixed_horizon_60,cox_context_only,Bearing3_5,60.0,,,False,landmark within bearing,bearing
5,fixed_horizon_60,cox_context_only,Bearing3_5,120.0,,,False,landmark within bearing,bearing
5,fixed_horizon_60,cox_context_only,Bearing3_5,240.0,,,False,landmark within bearing,bearing
5,fixed_horizon_60,landmark_km_baseline,Bearing1_5,30.0,,,False,landmark within bearing,bearing
5,fixed_horizon_60,landmark_km_baseline,Bearing1_5,60.0,,,False,landmark within bearing,bearing
5,fixed_horizon_60,landmark_km_baseline,Bearing1_5,120.0,,,False,landmark within bearing,bearing
5,fixed_horizon_60,landmark_km_baseline,Bearing1_5,240.0,,,False,landmark within bearing,bearing
5,fixed_horizon_60,landmark_km_baseline,Bearing2_5,30.0,30.208333333333332,0.1417636684303351,True,landmark within bearing,bearing
5,fixed_horizon_60,landmark_km_baseline,Bearing2_5,60.0,,,False,landmark within bearing,bearing
5,fixed_horizon_60,landmark_km_baseline,Bearing2_5,120.0,,,False,landmark within bearing,bearing
5,fixed_horizon_60,landmark_km_baseline,Bearing2_5,240.0,,,False,landmark within bearing,bearing
5,fixed_horizon_60,landmark_km_baseline,Bearing3_5,30.0,30.208333333333332,0.19123456790123458,True,landmark within bearing,bearing
5,fixed_horizon_60,landmark_km_baseline,Bearing3_5,60.0,,,False,landmark within bearing,bearing
5,fixed_horizon_60,landmark_km_baseline,Bearing3_5,120.0,,,False,landmark within bearing,bearing
5,fixed_horizon_60,landmark_km_baseline,Bearing3_5,240.0,,,False,landmark within bearing,bearing
5,fixed_horizon_60,random_survival_forest,Bearing1_5,30.0,,,False,landmark within bearing,bearing
5,fixed_horizon_60,random_survival_forest,Bearing1_5,60.0,,,False,landmark within bearing,bearing
5,fixed_horizon_60,random_survival_forest,Bearing1_5,120.0,,,False,landmark within bearing,bearing
5,fixed_horizon_60,random_survival_forest,Bearing1_5,240.0,,,False,landmark within bearing,bearing
5,fixed_horizon_60,random_survival_forest,Bearing2_5,30.0,30.208333333333332,0.2356230334443778,True,landmark within bearing,bearing
5,fixed_horizon_60,random_survival_forest,Bearing2_5,60.0,,,False,landmark within bearing,bearing
5,fixed_horizon_60,random_survival_forest,Bearing2_5,120.0,,,False,landmark within bearing,bearing
5,fixed_horizon_60,random_survival_forest,Bearing2_5,240.0,,,False,landmark within bearing,bearing
5,fixed_horizon_60,random_survival_forest,Bearing3_5,30.0,30.208333333333332,0.27373753702707876,True,landmark within bearing,bearing
5,fixed_horizon_60,random_survival_forest,Bearing3_5,60.0,,,False,landmark within bearing,bearing
5,fixed_horizon_60,random_survival_forest,Bearing3_5,120.0,,,False,landmark within bearing,bearing
5,fixed_horizon_60,random_survival_forest,Bearing3_5,240.0,,,False,landmark within bearing,bearing
5,full_event,cox_causal_features,Bearing2_5,30.0,32.0,0.23884173099780234,True,landmark within bearing,bearing
5,full_event,cox_causal_features,Bearing2_5,60.0,64.20833333333334,0.27226549250006776,True,landmark within bearing,bearing
5,full_event,cox_causal_features,Bearing2_5,120.0,128.625,0.31174200201683683,True,landmark within bearing,bearing
5,full_event,cox_causal_features,Bearing2_5,240.0,,,False,landmark within bearing,bearing
5,full_event,cox_causal_features,Bearing3_5,30.0,32.0,0.2965883311778835,True,landmark within bearing,bearing
5,full_event,cox_causal_features,Bearing3_5,60.0,64.20833333333334,0.36984748986206445,True,landmark within bearing,bearing
5,full_event,cox_causal_features,Bearing3_5,120.0,,,False,landmark within bearing,bearing
5,full_event,cox_causal_features,Bearing3_5,240.0,,,False,landmark within bearing,bearing
5,full_event,cox_context_only,Bearing2_5,30.0,32.0,0.19527403549754632,True,landmark within bearing,bearing
5,full_event,cox_context_only,Bearing2_5,60.0,64.20833333333334,0.28002368779984144,True,landmark within bearing,bearing
5,full_event,cox_context_only,Bearing2_5,120.0,128.625,0.2801573393447233,True,landmark within bearing,bearing
5,full_event,cox_context_only,Bearing2_5,240.0,,,False,landmark within bearing,bearing
5,full_event,cox_context_only,Bearing3_5,30.0,32.0,0.22350308120695925,True,landmark within bearing,bearing
5,full_event,cox_context_only,Bearing3_5,60.0,64.20833333333334,0.23778401467940471,True,landmark within bearing,bearing
5,full_event,cox_context_only,Bearing3_5,120.0,,,False,landmark within bearing,bearing
5,full_event,cox_context_only,Bearing3_5,240.0,,,False,landmark within bearing,bearing
5,full_event,landmark_km_baseline,Bearing2_5,30.0,32.0,0.17763668430335094,True,landmark within bearing,bearing
5,full_event,landmark_km_baseline,Bearing2_5,60.0,64.20833333333334,0.25488536155202823,True,landmark within bearing,bearing
5,full_event,landmark_km_baseline,Bearing2_5,120.0,128.625,0.2543562610229277,True,landmark within bearing,bearing
5,full_event,landmark_km_baseline,Bearing2_5,240.0,,,False,landmark within bearing,bearing
5,full_event,landmark_km_baseline,Bearing3_5,30.0,32.0,0.20382716049382718,True,landmark within bearing,bearing
5,full_event,landmark_km_baseline,Bearing3_5,60.0,64.20833333333334,0.2479012345679012,True,landmark within bearing,bearing
5,full_event,landmark_km_baseline,Bearing3_5,120.0,,,False,landmark within bearing,bearing
5,full_event,landmark_km_baseline,Bearing3_5,240.0,,,False,landmark within bearing,bearing
5,full_event,random_survival_forest,Bearing2_5,30.0,32.0,0.24048326440044657,True,landmark within bearing,bearing
5,full_event,random_survival_forest,Bearing2_5,60.0,64.20833333333334,0.2605049592973325,True,landmark within bearing,bearing
5,full_event,random_survival_forest,Bearing2_5,120.0,128.625,0.2144025084760839,True,landmark within bearing,bearing
5,full_event,random_survival_forest,Bearing2_5,240.0,,,False,landmark within bearing,bearing
5,full_event,random_survival_forest,Bearing3_5,30.0,32.0,0.29168751869094567,True,landmark within bearing,bearing
5,full_event,random_survival_forest,Bearing3_5,60.0,64.20833333333334,0.21772300110298973,True,landmark within bearing,bearing
5,full_event,random_survival_forest,Bearing3_5,120.0,,,False,landmark within bearing,bearing
5,full_event,random_survival_forest,Bearing3_5,240.0,,,False,landmark within bearing,bearing
5,target_censoring_25,cox_causal_features,Bearing2_5,30.0,25.0,0.37622850669498487,True,landmark within bearing,bearing
5,target_censoring_25,cox_causal_features,Bearing2_5,60.0,56.83333333333333,0.350982113482631,True,landmark within bearing,bearing
5,target_censoring_25,cox_causal_features,Bearing2_5,120.0,120.5,0.2923223665612518,True,landmark within bearing,bearing
5,target_censoring_25,cox_causal_features,Bearing2_5,240.0,,,False,landmark within bearing,bearing
5,target_censoring_25,cox_causal_features,Bearing3_5,30.0,25.0,0.5029175494553735,True,landmark within bearing,bearing
5,target_censoring_25,cox_causal_features,Bearing3_5,60.0,56.83333333333333,0.4185560157167691,True,landmark within bearing,bearing
5,target_censoring_25,cox_causal_features,Bearing3_5,120.0,,,False,landmark within bearing,bearing
5,target_censoring_25,cox_causal_features,Bearing3_5,240.0,,,False,landmark within bearing,bearing
5,target_censoring_25,cox_context_only,Bearing2_5,30.0,25.0,0.12469688414248466,True,landmark within bearing,bearing
5,target_censoring_25,cox_context_only,Bearing2_5,60.0,56.83333333333333,0.26848804635234125,True,landmark within bearing,bearing
5,target_censoring_25,cox_context_only,Bearing2_5,120.0,120.5,0.3089317017506588,True,landmark within bearing,bearing
5,target_censoring_25,cox_context_only,Bearing2_5,240.0,,,False,landmark within bearing,bearing
5,target_censoring_25,cox_context_only,Bearing3_5,30.0,25.0,0.17238633081371924,True,landmark within bearing,bearing
5,target_censoring_25,cox_context_only,Bearing3_5,60.0,56.83333333333333,0.2531023218305267,True,landmark within bearing,bearing
5,target_censoring_25,cox_context_only,Bearing3_5,120.0,,,False,landmark within bearing,bearing
5,target_censoring_25,cox_context_only,Bearing3_5,240.0,,,False,landmark within bearing,bearing
5,target_censoring_25,landmark_km_baseline,Bearing2_5,30.0,25.0,0.11555555555555556,True,landmark within bearing,bearing
5,target_censoring_25,landmark_km_baseline,Bearing2_5,60.0,56.83333333333333,0.24483245149911823,True,landmark within bearing,bearing
5,target_censoring_25,landmark_km_baseline,Bearing2_5,120.0,120.5,0.27446208112874776,True,landmark within bearing,bearing
5,target_censoring_25,landmark_km_baseline,Bearing2_5,240.0,,,False,landmark within bearing,bearing
5,target_censoring_25,landmark_km_baseline,Bearing3_5,30.0,25.0,0.16444444444444445,True,landmark within bearing,bearing
5,target_censoring_25,landmark_km_baseline,Bearing3_5,60.0,56.83333333333333,0.25012345679012343,True,landmark within bearing,bearing
5,target_censoring_25,landmark_km_baseline,Bearing3_5,120.0,,,False,landmark within bearing,bearing
5,target_censoring_25,landmark_km_baseline,Bearing3_5,240.0,,,False,landmark within bearing,bearing
5,target_censoring_25,random_survival_forest,Bearing2_5,30.0,25.0,0.17901805379614003,True,landmark within bearing,bearing
5,target_censoring_25,random_survival_forest,Bearing2_5,60.0,56.83333333333333,0.23370493817080015,True,landmark within bearing,bearing
5,target_censoring_25,random_survival_forest,Bearing2_5,120.0,120.5,0.25827063128936883,True,landmark within bearing,bearing
5,target_censoring_25,random_survival_forest,Bearing2_5,240.0,,,False,landmark within bearing,bearing
5,target_censoring_25,random_survival_forest,Bearing3_5,30.0,25.0,0.18047730036691798,True,landmark within bearing,bearing
5,target_censoring_25,random_survival_forest,Bearing3_5,60.0,56.83333333333333,0.20652412656931224,True,landmark within bearing,bearing
5,target_censoring_25,random_survival_forest,Bearing3_5,120.0,,,False,landmark within bearing,bearing
5,target_censoring_25,random_survival_forest,Bearing3_5,240.0,,,False,landmark within bearing,bearing
5,target_censoring_50,cox_causal_features,Bearing2_5,30.0,34.108333333333334,0.3748307415575801,True,landmark within bearing,bearing
5,target_censoring_50,cox_causal_features,Bearing2_5,60.0,59.770833333333336,0.33442370138908756,True,landmark within bearing,bearing
5,target_censoring_50,cox_causal_features,Bearing2_5,120.0,119.65,0.3046793730359888,True,landmark within bearing,bearing
5,target_censoring_50,cox_causal_features,Bearing2_5,240.0,,,False,landmark within bearing,bearing
5,target_censoring_50,cox_causal_features,Bearing3_5,30.0,34.108333333333334,0.5996771113177828,True,landmark within bearing,bearing
5,target_censoring_50,cox_causal_features,Bearing3_5,60.0,59.770833333333336,0.48743663322082,True,landmark within bearing,bearing
5,target_censoring_50,cox_causal_features,Bearing3_5,120.0,,,False,landmark within bearing,bearing
5,target_censoring_50,cox_causal_features,Bearing3_5,240.0,,,False,landmark within bearing,bearing
5,target_censoring_50,cox_context_only,Bearing2_5,30.0,34.108333333333334,0.20637943408158774,True,landmark within bearing,bearing
5,target_censoring_50,cox_context_only,Bearing2_5,60.0,59.770833333333336,0.2923957877359896,True,landmark within bearing,bearing
5,target_censoring_50,cox_context_only,Bearing2_5,120.0,119.65,0.34050236536214457,True,landmark within bearing,bearing
5,target_censoring_50,cox_context_only,Bearing2_5,240.0,,,False,landmark within bearing,bearing
5,target_censoring_50,cox_context_only,Bearing3_5,30.0,34.108333333333334,0.2510449035463828,True,landmark within bearing,bearing
5,target_censoring_50,cox_context_only,Bearing3_5,60.0,59.770833333333336,0.264466233308038,True,landmark within bearing,bearing
5,target_censoring_50,cox_context_only,Bearing3_5,120.0,,,False,landmark within bearing,bearing
5,target_censoring_50,cox_context_only,Bearing3_5,240.0,,,False,landmark within bearing,bearing
5,target_censoring_50,landmark_km_baseline,Bearing2_5,30.0,34.108333333333334,0.17763668430335094,True,landmark within bearing,bearing
5,target_censoring_50,landmark_km_baseline,Bearing2_5,60.0,59.770833333333336,0.24483245149911823,True,landmark within bearing,bearing
5,target_censoring_50,landmark_km_baseline,Bearing2_5,120.0,119.65,0.27446208112874776,True,landmark within bearing,bearing
5,target_censoring_50,landmark_km_baseline,Bearing2_5,240.0,,,False,landmark within bearing,bearing
5,target_censoring_50,landmark_km_baseline,Bearing3_5,30.0,34.108333333333334,0.2160493827160494,True,landmark within bearing,bearing
5,target_censoring_50,landmark_km_baseline,Bearing3_5,60.0,59.770833333333336,0.25123456790123455,True,landmark within bearing,bearing
5,target_censoring_50,landmark_km_baseline,Bearing3_5,120.0,,,False,landmark within bearing,bearing
5,target_censoring_50,landmark_km_baseline,Bearing3_5,240.0,,,False,landmark within bearing,bearing
5,target_censoring_50,random_survival_forest,Bearing2_5,30.0,34.108333333333334,0.21736298174209784,True,landmark within bearing,bearing
5,target_censoring_50,random_survival_forest,Bearing2_5,60.0,59.770833333333336,0.24889038160408,True,landmark within bearing,bearing
5,target_censoring_50,random_survival_forest,Bearing2_5,120.0,119.65,0.25288774556246907,True,landmark within bearing,bearing
5,target_censoring_50,random_survival_forest,Bearing2_5,240.0,,,False,landmark within bearing,bearing
5,target_censoring_50,random_survival_forest,Bearing3_5,30.0,34.108333333333334,0.25854500298348737,True,landmark within bearing,bearing
5,target_censoring_50,random_survival_forest,Bearing3_5,60.0,59.770833333333336,0.22118310415262177,True,landmark within bearing,bearing
5,target_censoring_50,random_survival_forest,Bearing3_5,120.0,,,False,landmark within bearing,bearing
5,target_censoring_50,random_survival_forest,Bearing3_5,240.0,,,False,landmark within bearing,bearing
5,target_censoring_75,cox_causal_features,Bearing1_5,30.0,,,False,landmark within bearing,bearing
5,target_censoring_75,cox_causal_features,Bearing1_5,60.0,,,False,landmark within bearing,bearing
5,target_censoring_75,cox_causal_features,Bearing1_5,120.0,,,False,landmark within bearing,bearing
5,target_censoring_75,cox_causal_features,Bearing1_5,240.0,,,False,landmark within bearing,bearing
5,target_censoring_75,cox_causal_features,Bearing2_5,30.0,31.416666666666664,0.32739385370996116,True,landmark within bearing,bearing
5,target_censoring_75,cox_causal_features,Bearing2_5,60.0,60.58333333333333,0.3313181539896385,True,landmark within bearing,bearing
5,target_censoring_75,cox_causal_features,Bearing2_5,120.0,,,False,landmark within bearing,bearing
5,target_censoring_75,cox_causal_features,Bearing2_5,240.0,,,False,landmark within bearing,bearing
5,target_censoring_75,cox_causal_features,Bearing3_5,30.0,31.416666666666664,0.3787947547999388,True,landmark within bearing,bearing
5,target_censoring_75,cox_causal_features,Bearing3_5,60.0,60.58333333333333,0.502464006505326,True,landmark within bearing,bearing
5,target_censoring_75,cox_causal_features,Bearing3_5,120.0,,,False,landmark within bearing,bearing
5,target_censoring_75,cox_causal_features,Bearing3_5,240.0,,,False,landmark within bearing,bearing
5,target_censoring_75,cox_context_only,Bearing1_5,30.0,,,False,landmark within bearing,bearing
5,target_censoring_75,cox_context_only,Bearing1_5,60.0,,,False,landmark within bearing,bearing
5,target_censoring_75,cox_context_only,Bearing1_5,120.0,,,False,landmark within bearing,bearing
5,target_censoring_75,cox_context_only,Bearing1_5,240.0,,,False,landmark within bearing,bearing
5,target_censoring_75,cox_context_only,Bearing2_5,30.0,31.416666666666664,0.19354069097462942,True,landmark within bearing,bearing
5,target_censoring_75,cox_context_only,Bearing2_5,60.0,60.58333333333333,0.3217478447704758,True,landmark within bearing,bearing
5,target_censoring_75,cox_context_only,Bearing2_5,120.0,,,False,landmark within bearing,bearing
5,target_censoring_75,cox_context_only,Bearing2_5,240.0,,,False,landmark within bearing,bearing
5,target_censoring_75,cox_context_only,Bearing3_5,30.0,31.416666666666664,0.2617732917043991,True,landmark within bearing,bearing
5,target_censoring_75,cox_context_only,Bearing3_5,60.0,60.58333333333333,0.2985252181758984,True,landmark within bearing,bearing
5,target_censoring_75,cox_context_only,Bearing3_5,120.0,,,False,landmark within bearing,bearing
5,target_censoring_75,cox_context_only,Bearing3_5,240.0,,,False,landmark within bearing,bearing
5,target_censoring_75,landmark_km_baseline,Bearing1_5,30.0,,,False,landmark within bearing,bearing
5,target_censoring_75,landmark_km_baseline,Bearing1_5,60.0,,,False,landmark within bearing,bearing
5,target_censoring_75,landmark_km_baseline,Bearing1_5,120.0,,,False,landmark within bearing,bearing
5,target_censoring_75,landmark_km_baseline,Bearing1_5,240.0,,,False,landmark within bearing,bearing
5,target_censoring_75,landmark_km_baseline,Bearing2_5,30.0,31.416666666666664,0.15873015873015875,True,landmark within bearing,bearing
5,target_censoring_75,landmark_km_baseline,Bearing2_5,60.0,60.58333333333333,0.24483245149911823,True,landmark within bearing,bearing
5,target_censoring_75,landmark_km_baseline,Bearing2_5,120.0,,,False,landmark within bearing,bearing
5,target_censoring_75,landmark_km_baseline,Bearing2_5,240.0,,,False,landmark within bearing,bearing
5,target_censoring_75,landmark_km_baseline,Bearing3_5,30.0,31.416666666666664,0.1944444444444445,True,landmark within bearing,bearing
5,target_censoring_75,landmark_km_baseline,Bearing3_5,60.0,60.58333333333333,0.25123456790123455,True,landmark within bearing,bearing
5,target_censoring_75,landmark_km_baseline,Bearing3_5,120.0,,,False,landmark within bearing,bearing
5,target_censoring_75,landmark_km_baseline,Bearing3_5,240.0,,,False,landmark within bearing,bearing
5,target_censoring_75,random_survival_forest,Bearing1_5,30.0,,,False,landmark within bearing,bearing
5,target_censoring_75,random_survival_forest,Bearing1_5,60.0,,,False,landmark within bearing,bearing
5,target_censoring_75,random_survival_forest,Bearing1_5,120.0,,,False,landmark within bearing,bearing
5,target_censoring_75,random_survival_forest,Bearing1_5,240.0,,,False,landmark within bearing,bearing
5,target_censoring_75,random_survival_forest,Bearing2_5,30.0,31.416666666666664,0.2193843143676353,True,landmark within bearing,bearing
5,target_censoring_75,random_survival_forest,Bearing2_5,60.0,60.58333333333333,0.2732224290476286,True,landmark within bearing,bearing
5,target_censoring_75,random_survival_forest,Bearing2_5,120.0,,,False,landmark within bearing,bearing
5,target_censoring_75,random_survival_forest,Bearing2_5,240.0,,,False,landmark within bearing,bearing
5,target_censoring_75,random_survival_forest,Bearing3_5,30.0,31.416666666666664,0.3443731514720923,True,landmark within bearing,bearing
5,target_censoring_75,random_survival_forest,Bearing3_5,60.0,60.58333333333333,0.24236889147673418,True,landmark within bearing,bearing
5,target_censoring_75,random_survival_forest,Bearing3_5,120.0,,,False,landmark within bearing,bearing
5,target_censoring_75,random_survival_forest,Bearing3_5,240.0,,,False,landmark within bearing,bearing
